NN_Topology,HWType,Datatype,Op mode,batch/thread/stream,lat-sys,lat-comp,fps-system,fps-comp,tp-system,tp-comp,top1,top5 [%],Base_Pwr_W,Idle_Pwr_W,Full_Pwr_W,GOPS,PruningFactor,level,hw_datatype_prun,norm-lat-comp,datatype_model,tag
MLP,NCS,FP16,,1,4.57,2.89257,218.893,345.713,4.3842078970000005,6.924285677000001,98.86,,0.53,1.2,1.794,0.020029,100.0,l3,NCS_FP16_100%,0.006645553043670049,FP16_NCS,NCS_FP16_MLP_100.0
MLP,NCS,FP16,,2,8.09,4.68459,247.308,426.931,4.953331932,8.551000999000001,98.86,,0.53,1.2,1.949,0.040058,100.0,l3,NCS_FP16_100%,0.010762640604322894,FP16_NCS,NCS_FP16_MLP_100.0
MLP,NCS,FP16,,4,14.84,8.118210000000001,269.491,492.719,5.397635239,9.868668851,98.86,,0.53,1.2,1.946,0.080116,100.0,l3,NCS_FP16_100%,0.01865123235553595,FP16_NCS,NCS_FP16_MLP_100.0
MLP,NCS,FP16,,8,28.3,14.8038,282.686,540.4,5.661917894,10.8236716,98.86,,0.53,1.2,2.084,0.160232,100.0,l3,NCS_FP16_100%,0.034011082928981036,FP16_NCS,NCS_FP16_MLP_100.0
MLP,NCS,FP16,,16,54.64,27.4935,292.848,581.956,5.8654525920000005,11.655996724000001,98.86,,0.53,1.2,2.136,0.320464,100.0,l3,NCS_FP16_100%,0.06316511358623732,FP16_NCS,NCS_FP16_MLP_100.0
MLP,NCS,FP16,,32,107.39,53.0572,297.97,603.122,5.968041130000001,12.079930538,98.86,,0.53,1.2,2.135,0.640928,100.0,l3,NCS_FP16_100%,0.12189659608881047,FP16_NCS,NCS_FP16_MLP_100.0
MLP,NCS,FP16,,64,212.26,104.435,301.514,612.823,6.039023906000001,12.274231867000001,98.86,,0.53,1.2,2.186,1.281856,100.0,l3,NCS_FP16_100%,0.23993484414056757,FP16_NCS,NCS_FP16_MLP_100.0
MLP,NCS,FP16,,128,421.84,206.007,303.434,621.337,6.077479586000001,12.444758773,98.86,,0.53,1.2,2.2119999999999997,2.563712,100.0,l3,NCS_FP16_100%,0.4732920710189678,FP16_NCS,NCS_FP16_MLP_100.0
MLP,TX2,FP16,maxp,1,1.03,0.6982659999999999,976.168,1466.41,19.551668872,29.370725890000003,97.3,,1.8,4.7,9.881,0.020029,100.0,l3,TX2_FP16_100%,0.0016042355903543594,FP16_TX2,TX2_FP16_MLP_100.0
MLP,TX2,FP16,maxp,2,1.25,0.73998,1635.78,2785.55,32.76303762,55.79178095000001,97.3,,1.8,4.7,9.902999999999999,0.040058,100.0,l3,TX2_FP16_100%,0.0017000716806352006,FP16_TX2,TX2_FP16_MLP_100.0
MLP,TX2,FP16,maxp,4,1.61,0.766234,2515.97,5392.6,50.39236313,108.00838540000002,97.3,,1.8,4.7,10.262,0.080116,100.0,l3,TX2_FP16_100%,0.0017603890971915894,FP16_TX2,TX2_FP16_MLP_100.0
MLP,TX2,FP16,maxp,8,2.65,1.16167,3093.66,7027.46,61.962916140000004,140.75299634,97.3,,1.8,4.7,9.645,0.160232,100.0,l3,TX2_FP16_100%,0.0026688860094103805,FP16_TX2,TX2_FP16_MLP_100.0
MLP,TX2,FP16,maxp,16,4.05,1.24863,4112.45,13008.0,82.36826105,260.537232,97.3,,1.8,4.7,11.359000000000002,0.320464,100.0,l3,TX2_FP16_100%,0.0028686728054697834,FP16_TX2,TX2_FP16_MLP_100.0
MLP,TX2,FP16,maxp,32,6.61,1.20156,5044.33,29751.9,101.03288557,595.9008051000001,97.3,,1.8,4.7,10.959000000000001,0.640928,100.0,l3,TX2_FP16_100%,0.002760531539479488,FP16_TX2,TX2_FP16_MLP_100.0
MLP,TX2,FP16,maxp,64,11.72,1.37056,5688.89,56369.0,113.94277781000001,1129.014701,97.3,,1.8,4.7,11.215,1.281856,100.0,l3,TX2_FP16_100%,0.0031488016468166446,FP16_TX2,TX2_FP16_MLP_100.0
MLP,TX2,FP16,maxp,128,23.07,2.305,5885.06,61409.3,117.87186674000002,1229.9668697000002,97.3,,1.8,4.7,12.142000000000001,2.563712,100.0,l3,TX2_FP16_100%,0.005295636671077783,FP16_TX2,TX2_FP16_MLP_100.0
MLP,TX2,FP32,maxp,1,1.14,0.819372,877.4639999999999,1231.27,17.574726456,24.66110683,97.31,,1.8,4.7,10.895,0.020029,100.0,l3,TX2_FP32_100%,0.0018824713277459197,FP32_TX2,TX2_FP32_MLP_100.0
MLP,TX2,FP32,maxp,2,1.38,0.894066,1376.34,1991.41,27.56671386,39.885950890000004,97.31,,1.8,4.7,10.915,0.040058,100.0,l3,TX2_FP32_100%,0.002054077525363917,FP32_TX2,TX2_FP32_MLP_100.0
MLP,TX2,FP32,maxp,4,1.85,0.9586049999999999,2115.7,4023.29,42.3753553,80.58247541,97.31,,1.8,4.7,11.193,0.080116,100.0,l3,TX2_FP32_100%,0.0022023530546978385,FP32_TX2,TX2_FP32_MLP_100.0
MLP,TX2,FP32,maxp,8,2.7,1.2049,3002.93,6766.27,60.145684970000005,135.52162183000002,97.31,,1.8,4.7,11.915,0.160232,100.0,l3,TX2_FP32_100%,0.0027682050433759744,FP32_TX2,TX2_FP32_MLP_100.0
MLP,TX2,FP32,maxp,16,4.24,1.25261,4129.03,13126.4,82.70034187,262.9086656,97.31,,1.8,4.7,12.020999999999999,0.320464,100.0,l3,TX2_FP32_100%,0.002877816681370387,FP32_TX2,TX2_FP32_MLP_100.0
MLP,TX2,FP32,maxp,32,6.9,1.5198399999999999,4697.25,24259.7,94.08122025,485.8975313000001,97.31,,1.8,4.7,12.270999999999999,0.640928,100.0,l3,TX2_FP32_100%,0.0034917659167769443,FP32_TX2,TX2_FP32_MLP_100.0
MLP,TX2,FP32,maxp,64,13.3,2.76887,4899.52,25678.3,98.13248608000002,514.3106707000001,97.31,,1.8,4.7,12.95,1.281856,100.0,l3,TX2_FP32_100%,0.006361357704749302,FP32_TX2,TX2_FP32_MLP_100.0
MLP,TX2,FP32,maxp,128,24.1,3.4425,5475.94,39802.5,109.67760226,797.2042725000001,97.31,,1.8,4.7,12.366,2.563712,100.0,l3,TX2_FP32_100%,0.00790899316277018,FP32_TX2,TX2_FP32_MLP_100.0
MLP,ZCU104-FINN,INT2,,1,,0.023,,43478.261,,870.826089569,98.75,,9.2,13.71,13.9525,0.020029,100.0,l3,ZCU104-FINN_INT2_100%,5.284149389795618e-05,INT2_ZCU104-FINN,ZCU104-FINN_INT2_MLP_100.0
MLP,ZCU104-FINN,INT2,,2,,0.036000000000000004,,55555.556,,1112.722231124,98.75,,9.2,13.71,13.905,0.040058,100.0,l3,ZCU104-FINN_INT2_100%,8.27084252315836e-05,INT2_ZCU104-FINN,ZCU104-FINN_INT2_MLP_100.0
MLP,ZCU104-FINN,INT2,,4,,0.061,,65573.77,,1313.3770393300001,98.75,,9.2,13.71,13.94,0.080116,100.0,l3,ZCU104-FINN_INT2_100%,0.00014014483164240553,INT2_ZCU104-FINN,ZCU104-FINN_INT2_MLP_100.0
MLP,ZCU104-FINN,INT2,,8,,0.111,,72072.072,,1443.5315300880002,98.75,,9.2,13.71,13.9325,0.160232,100.0,l3,ZCU104-FINN_INT2_100%,0.0002550176444640494,INT2_ZCU104-FINN,ZCU104-FINN_INT2_MLP_100.0
MLP,ZCU104-FINN,INT2,,16,,0.21,,76190.476,,1526.019043804,98.75,,9.2,13.71,13.9875,0.320464,100.0,l3,ZCU104-FINN_INT2_100%,0.00048246581385090427,INT2_ZCU104-FINN,ZCU104-FINN_INT2_MLP_100.0
MLP,ZCU104-FINN,INT2,,32,,0.408,,78431.37299999999,,1570.901969817,98.75,,9.2,13.71,13.9,0.640928,100.0,l3,ZCU104-FINN_INT2_100%,0.000937362152624614,INT2_ZCU104-FINN,ZCU104-FINN_INT2_MLP_100.0
MLP,ZCU104-FINN,INT2,,64,,0.8059999999999999,,79404.467,,1590.3920695430002,98.75,,9.2,13.71,14.2775,1.281856,100.0,l3,ZCU104-FINN_INT2_100%,0.001851749742684899,INT2_ZCU104-FINN,ZCU104-FINN_INT2_MLP_100.0
MLP,ZCU104-FINN,INT2,,128,,1.6,,80000.0,,1602.3200000000002,98.75,,9.2,13.71,14.365,2.563712,100.0,l3,ZCU104-FINN_INT2_100%,0.003675930010292604,INT2_ZCU104-FINN,ZCU104-FINN_INT2_MLP_100.0
MLP,ZCU104-FINN,INT2,,256,,3.19,,80250.784,,1607.3429527360001,98.75,,9.2,13.71,14.515,5.127424,100.0,l3,ZCU104-FINN_INT2_100%,0.007328885458020879,INT2_ZCU104-FINN,ZCU104-FINN_INT2_MLP_100.0
MLP,ZCU104-FINN,INT2,,512,,6.369,,80389.386,,1610.119012194,98.75,,9.2,13.71,14.95,10.254848,100.0,l3,ZCU104-FINN_INT2_100%,0.014632498897220996,INT2_ZCU104-FINN,ZCU104-FINN_INT2_MLP_100.0
MLP,ZCU104-Bismo,INT4,,2,,3.2593644,,613.6165689,,12.2901262584981,98.77,,9.2,14.3,15.225,0.040058,100.0,l3,ZCU104-Bismo_INT4_100%,0.007488247132774592,INT4_ZCU104-Bismo,ZCU104-Bismo_INT4_MLP_100.0
MLP,ZCU104-Bismo,INT4,,4,,5.6311403,,710.3357022999999,,14.227313781366698,98.77,,9.2,14.3,15.325,0.080116,100.0,l3,ZCU104-Bismo_INT4_100%,0.012937298513086311,INT4_ZCU104-Bismo,ZCU104-Bismo_INT4_MLP_100.0
MLP,ZCU104-Bismo,INT4,,8,,10.265632,,779.2993164,,15.6085860081756,98.77,,9.2,14.3,15.3,0.160232,100.0,l3,ZCU104-Bismo_INT4_100%,0.023584840464637553,INT4_ZCU104-Bismo,ZCU104-Bismo_INT4_MLP_100.0
MLP,ZCU104-Bismo,INT4,,16,,19.714788000000002,,811.5735254,,16.255006140236603,98.77,,9.2,14.3,15.475,0.320464,100.0,l3,ZCU104-Bismo_INT4_100%,0.04529386303484782,INT4_ZCU104-Bismo,ZCU104-Bismo_INT4_MLP_100.0
MLP,ZCU104-Bismo,INT4,,32,,38.386224,,833.6323990000001,,16.696823319571003,98.77,,9.2,14.3,15.175,0.640928,100.0,l3,ZCU104-Bismo_INT4_100%,0.08819067048963387,INT4_ZCU104-Bismo,ZCU104-Bismo_INT4_MLP_100.0
MLP,ZCU104-Bismo,INT4,,64,,76.34016700000001,,838.3528949,,16.791370131952103,98.77,,9.2,14.3,15.3,1.281856,100.0,l3,ZCU104-Bismo_INT4_100%,0.17538819429128072,INT4_ZCU104-Bismo,ZCU104-Bismo_INT4_MLP_100.0
MLP,ZCU104-Bismo,INT4,,128,,154.56762,,828.1165227000001,,16.586345833158305,98.77,,9.2,14.3,15.3,2.563712,100.0,l3,ZCU104-Bismo_INT4_100%,0.3551123456109396,INT4_ZCU104-Bismo,ZCU104-Bismo_INT4_MLP_100.0
MLP,ZCU104-Bismo,INT2,,2,,2.1472937,,931.4049587000001,,18.655109917802303,98.75,,9.2,14.3,15.175,0.040058,100.0,l3,ZCU104-Bismo_INT2_100%,0.004933313345463902,INT2_ZCU104-Bismo,ZCU104-Bismo_INT2_MLP_100.0
MLP,ZCU104-Bismo,INT2,,4,,3.3656449,,1188.47951,,23.80405610579,98.75,,9.2,14.3,15.425,0.080116,100.0,l3,ZCU104-Bismo_INT2_100%,0.0077324219324364065,INT2_ZCU104-Bismo,ZCU104-Bismo_INT2_MLP_100.0
MLP,ZCU104-Bismo,INT2,,8,,5.7826969,,1383.437545,,27.708870588805002,98.75,,9.2,14.3,15.55,0.160232,100.0,l3,ZCU104-Bismo_INT2_100%,0.013285493171960006,INT2_ZCU104-Bismo,ZCU104-Bismo_INT2_MLP_100.0
MLP,ZCU104-Bismo,INT2,,16,,10.675147,,1498.8084,,30.0196334436,98.75,,9.2,14.3,15.35,0.320464,100.0,l3,ZCU104-Bismo_INT2_100%,0.024525683263490663,INT2_ZCU104-Bismo,ZCU104-Bismo_INT2_MLP_100.0
MLP,ZCU104-Bismo,INT2,,32,,20.320172,,1574.78982,,31.54146530478,98.75,,9.2,14.3,15.175,0.640928,100.0,l3,ZCU104-Bismo_INT2_100%,0.04668470629319218,INT2_ZCU104-Bismo,ZCU104-Bismo_INT2_MLP_100.0
MLP,ZCU104-Bismo,INT2,,64,,39.836965,,1606.5480890000001,,32.177551674581004,98.75,,9.2,14.3,15.4,1.281856,100.0,l3,ZCU104-Bismo_INT2_100%,0.09152368447654756,INT2_ZCU104-Bismo,ZCU104-Bismo_INT2_MLP_100.0
MLP,ZCU104-Bismo,INT2,,128,,79.756498,,1604.8849089999999,,32.144239842361,98.75,,9.2,14.3,15.225,2.563712,100.0,l3,ZCU104-Bismo_INT2_100%,0.18323706532127626,INT2_ZCU104-Bismo,ZCU104-Bismo_INT2_MLP_100.0
MLP,U96-Quadcore A53,INT4,,2,,101.382,,19.72736778,,0.39511944926562004,98.77,,9.2,14.3,15.31428571,0.040058,100.0,l3,U96-Quadcore A53_INT4_100%,0.232920710189678,INT4_U96-Quadcore A53,U96-Quadcore A53_INT4_MLP_100.0
MLP,U96-Quadcore A53,INT4,,4,,102.87299999999999,,38.88289444,,0.7787854927387601,98.77,,9.2,14.3,15.32066327,0.080116,100.0,l3,U96-Quadcore A53_INT4_100%,0.23634621746801937,INT4_U96-Quadcore A53,U96-Quadcore A53_INT4_MLP_100.0
MLP,U96-Quadcore A53,INT4,,8,,100.44,,79.64954202,,1.59530067711858,98.77,,9.2,14.3,15.3203535,0.160232,100.0,l3,U96-Quadcore A53_INT4_100%,0.2307565063961182,INT4_U96-Quadcore A53,U96-Quadcore A53_INT4_MLP_100.0
MLP,U96-Quadcore A53,INT4,,16,,124.383,,128.6349421,,2.5764292553209,98.77,,9.2,14.3,15.32180732,0.320464,100.0,l3,U96-Quadcore A53_INT4_100%,0.2857645015438906,INT4_U96-Quadcore A53,U96-Quadcore A53_INT4_MLP_100.0
MLP,U96-Quadcore A53,INT4,,32,,170.25,,187.958884,,3.7646284876360006,98.77,,9.2,14.3,15.31086499,0.640928,100.0,l3,U96-Quadcore A53_INT4_100%,0.3911419276576974,INT4_U96-Quadcore A53,U96-Quadcore A53_INT4_MLP_100.0
MLP,U96-Quadcore A53,INT4,,64,,253.227,,252.7376623,,5.062082638206701,98.77,,9.2,14.3,15.32056963,1.281856,100.0,l3,U96-Quadcore A53_INT4_100%,0.5817779554477283,INT4_U96-Quadcore A53,U96-Quadcore A53_INT4_MLP_100.0
MLP,U96-Quadcore A53,INT4,,128,,434.834,,294.365206,,5.895840710974,98.77,,9.2,14.3,15.32203889,2.563712,100.0,l3,U96-Quadcore A53_INT4_100%,0.9990120938097339,INT4_U96-Quadcore A53,U96-Quadcore A53_INT4_MLP_100.0
MLP,U96-Quadcore A53,INT2,,2,,100.792,,19.84284467,,0.3974323358954301,98.75,,9.2,14.3,15.32361309,0.040058,100.0,l3,U96-Quadcore A53_INT2_100%,0.2315652109983826,INT2_U96-Quadcore A53,U96-Quadcore A53_INT2_MLP_100.0
MLP,U96-Quadcore A53,INT2,,4,,101.204,,39.52412948,,0.7916287893549201,98.75,,9.2,14.3,15.33422831,0.080116,100.0,l3,U96-Quadcore A53_INT2_100%,0.2325117629760329,INT2_U96-Quadcore A53,U96-Quadcore A53_INT2_MLP_100.0
MLP,U96-Quadcore A53,INT2,,8,,100.62700000000001,,79.50152544,,1.59233605303776,98.75,,9.2,14.3,15.32774462,0.160232,100.0,l3,U96-Quadcore A53_INT2_100%,0.2311861307160712,INT2_U96-Quadcore A53,U96-Quadcore A53_INT2_MLP_100.0
MLP,U96-Quadcore A53,INT2,,16,,125.09200000000001,,127.90586129999998,,2.5618264959776997,98.75,,9.2,14.3,15.31186924,0.320464,100.0,l3,U96-Quadcore A53_INT2_100%,0.28739339802970154,INT2_U96-Quadcore A53,U96-Quadcore A53_INT2_MLP_100.0
MLP,U96-Quadcore A53,INT2,,32,,170.55900000000003,,187.6183608,,3.7578081484632,98.75,,9.2,14.3,15.30914561,0.640928,100.0,l3,U96-Quadcore A53_INT2_100%,0.39185184164093523,INT2_U96-Quadcore A53,U96-Quadcore A53_INT2_MLP_100.0
MLP,U96-Quadcore A53,INT2,,64,,253.59900000000002,,252.36692569999997,,5.0546571548453,98.75,,9.2,14.3,15.31872744,1.281856,100.0,l3,U96-Quadcore A53_INT2_100%,0.5826326091751214,INT2_U96-Quadcore A53,U96-Quadcore A53_INT2_MLP_100.0
MLP,U96-Quadcore A53,INT2,,128,,435.264,,294.0744008,,5.8900161736232,98.75,,9.2,14.3,15.31292226,2.563712,100.0,l3,U96-Quadcore A53_INT2_100%,1.0,INT2_U96-Quadcore A53,U96-Quadcore A53_INT2_MLP_100.0
MLP,NCS,FP16,,1,3.53,1.9366299999999999,283.339,516.36,1.6490329799999999,3.0052152,98.75,,0.53,1.2,1.8090000000000002,0.00582,50.0,l3,NCS_FP16_50%,0.004449322709895603,FP16_NCS,NCS_FP16_MLP_50.0
MLP,NCS,FP16,,2,5.93,2.7621700000000002,337.009,724.068,1.96139238,4.21407576,98.75,,0.53,1.2,1.838,0.01164,50.0,l3,NCS_FP16_50%,0.006345964747831201,FP16_NCS,NCS_FP16_MLP_50.0
MLP,NCS,FP16,,4,10.65,4.33873,375.48800000000006,921.928,2.18534016,5.365620959999999,98.75,,0.53,1.2,1.864,0.02328,50.0,l3,NCS_FP16_50%,0.009968042383473019,FP16_NCS,NCS_FP16_MLP_50.0
MLP,NCS,FP16,,8,20.03,7.23535,399.44599999999997,1105.68,2.32477572,6.4350576,98.75,,0.53,1.2,1.933,0.04656,50.0,l3,NCS_FP16_50%,0.016622900124981622,FP16_NCS,NCS_FP16_MLP_50.0
MLP,NCS,FP16,,16,38.83,13.3314,412.00699999999995,1200.17,2.3978807399999997,6.9849894,98.75,,0.53,1.2,1.926,0.09312,50.0,l3,NCS_FP16_50%,0.030628308337009264,FP16_NCS,NCS_FP16_MLP_50.0
MLP,NCS,FP16,,32,75.78,24.5905,422.289,1301.31,2.4577219799999996,7.573624199999999,98.75,,0.53,1.2,1.956,0.18624,50.0,l3,NCS_FP16_50%,0.05649559807381267,FP16_NCS,NCS_FP16_MLP_50.0
MLP,NCS,FP16,,64,149.82,47.9514,427.18800000000005,1334.68,2.48623416,7.7678376,98.75,,0.53,1.2,1.985,0.37248,50.0,l3,NCS_FP16_50%,0.11016624393471548,FP16_NCS,NCS_FP16_MLP_50.0
MLP,NCS,FP16,,128,297.84,93.3654,429.76800000000003,1370.96,2.50124976,7.9789872,98.75,,0.53,1.2,2.01,0.74496,50.0,l3,NCS_FP16_50%,0.21450292236435817,FP16_NCS,NCS_FP16_MLP_50.0
MLP,TX2,FP16,maxp,1,0.67,0.33556199999999997,1526.08,3009.65,8.881785599999999,17.516163,97.46,,1.8,4.7,8.718,0.00582,50.0,l3,TX2_FP16_50%,0.0007709390163211291,FP16_TX2,TX2_FP16_MLP_50.0
MLP,TX2,FP16,maxp,2,0.86,0.35685500000000003,2386.95,5676.31,13.892048999999998,33.0361242,97.46,,1.8,4.7,8.65,0.01164,50.0,l3,TX2_FP16_50%,0.0008198587523893546,FP16_TX2,TX2_FP16_MLP_50.0
MLP,TX2,FP16,maxp,4,1.2,0.354211,3482.99,11532.1,20.271001799999997,67.116822,97.46,,1.8,4.7,8.868,0.02328,50.0,l3,TX2_FP16_50%,0.0008137842780473459,FP16_TX2,TX2_FP16_MLP_50.0
MLP,TX2,FP16,maxp,8,2.01,0.50943,4179.59,15901.4,24.3252138,92.54614799999999,97.46,,1.8,4.7,8.795,0.04656,50.0,l3,TX2_FP16_50%,0.0011703931407146008,FP16_TX2,TX2_FP16_MLP_50.0
MLP,TX2,FP16,maxp,16,3.34,0.527234,5044.33,30770.2,29.358000599999997,179.082564,97.46,,1.8,4.7,9.686,0.09312,50.0,l3,TX2_FP16_50%,0.0012112970519041317,FP16_TX2,TX2_FP16_MLP_50.0
MLP,TX2,FP16,maxp,32,6.21,0.628219,5505.38,62458.1,32.0413116,363.50614199999995,97.46,,1.8,4.7,9.003,0.18624,50.0,l3,TX2_FP16_50%,0.0014433056719600058,FP16_TX2,TX2_FP16_MLP_50.0
MLP,TX2,FP16,maxp,64,11.48,0.898875,5851.43,94587.1,34.0553226,550.496922,97.46,,1.8,4.7,8.679,0.37248,50.0,l3,TX2_FP16_50%,0.0020651259925011027,FP16_TX2,TX2_FP16_MLP_50.0
MLP,TX2,FP16,maxp,128,21.56,1.1268799999999999,6168.67,141671.0,35.9016594,824.52522,97.46,,1.8,4.7,9.883,0.74496,50.0,l3,TX2_FP16_50%,0.0025889575062490807,FP16_TX2,TX2_FP16_MLP_50.0
MLP,TX2,FP32,maxp,1,0.65,0.334122,1560.98,2952.86,9.084903599999999,17.1856452,97.46,,1.8,4.7,9.321,0.00582,50.0,l3,TX2_FP32_50%,0.0007676306793118658,FP32_TX2,TX2_FP32_MLP_50.0
MLP,TX2,FP32,maxp,2,0.86,0.37754899999999997,2398.13,5282.05,13.957116599999999,30.741531,97.46,,1.8,4.7,9.532,0.01164,50.0,l3,TX2_FP32_50%,0.0008674023121599763,FP32_TX2,TX2_FP32_MLP_50.0
MLP,TX2,FP32,maxp,4,1.17,0.38016,3482.99,10581.1,20.271001799999997,61.582001999999996,97.46,,1.8,4.7,9.562999999999999,0.02328,50.0,l3,TX2_FP32_50%,0.0008734009704455226,FP32_TX2,TX2_FP32_MLP_50.0
MLP,TX2,FP32,maxp,8,2.26,0.660625,4047.43,15793.7,23.556042599999998,91.91933399999999,97.46,,1.8,4.7,10.24,0.04656,50.0,l3,TX2_FP32_50%,0.0015177570394059698,FP32_TX2,TX2_FP32_MLP_50.0
MLP,TX2,FP32,maxp,16,3.51,0.749047,4807.51,30638.5,27.9797082,178.31607,97.46,,1.8,4.7,10.356,0.09312,50.0,l3,TX2_FP32_50%,0.0017209027165122775,FP32_TX2,TX2_FP32_MLP_50.0
MLP,TX2,FP32,maxp,32,6.1,0.7903439999999999,5446.81,57302.7,31.7004342,333.50171399999994,97.46,,1.8,4.7,10.370999999999999,0.18624,50.0,l3,TX2_FP32_50%,0.0018157807675341859,FP32_TX2,TX2_FP32_MLP_50.0
MLP,TX2,FP32,maxp,64,11.67,1.1980600000000001,5720.67,66823.3,33.2942994,388.911606,97.46,,1.8,4.7,11.478,0.37248,50.0,l3,TX2_FP32_50%,0.0027524904425819735,FP32_TX2,TX2_FP32_MLP_50.0
MLP,TX2,FP32,maxp,128,21.95,1.45425,6095.24,103759.0,35.4742968,603.87738,97.46,,1.8,4.7,11.12,0.74496,50.0,l3,TX2_FP32_50%,0.0033410757609175124,FP32_TX2,TX2_FP32_MLP_50.0
MLP,ZCU104-FINN,INT4,,1,,0.013999999999999999,,71428.571,,415.71428321999997,98.62,,9.2,14.2,14.475,0.00582,50.0,l3,ZCU104-FINN_INT4_50%,3.216438759006028e-05,INT4_ZCU104-FINN,ZCU104-FINN_INT4_MLP_50.0
MLP,ZCU104-FINN,INT4,,2,,0.018000000000000002,,105263.15800000001,,612.63157956,98.62,,9.2,14.2,14.34,0.01164,50.0,l3,ZCU104-FINN_INT4_50%,4.13542126157918e-05,INT4_ZCU104-FINN,ZCU104-FINN_INT4_MLP_50.0
MLP,ZCU104-FINN,INT4,,4,,0.024,,153846.154,,895.38461628,98.62,,9.2,14.2,14.41,0.02328,50.0,l3,ZCU104-FINN_INT4_50%,5.513895015438906e-05,INT4_ZCU104-FINN,ZCU104-FINN_INT4_MLP_50.0
MLP,ZCU104-FINN,INT4,,8,,0.04,,186046.512,,1082.79069984,98.62,,9.2,14.2,14.385,0.04656,50.0,l3,ZCU104-FINN_INT4_50%,9.18982502573151e-05,INT4_ZCU104-FINN,ZCU104-FINN_INT4_MLP_50.0
MLP,ZCU104-FINN,INT4,,16,,0.08,,213333.333,,1241.59999806,98.62,,9.2,14.2,14.4325,0.09312,50.0,l3,ZCU104-FINN_INT4_50%,0.0001837965005146302,INT4_ZCU104-FINN,ZCU104-FINN_INT4_MLP_50.0
MLP,ZCU104-FINN,INT4,,32,,0.128,,226950.355,,1320.8510661,98.62,,9.2,14.2,14.5125,0.18624,50.0,l3,ZCU104-FINN_INT4_50%,0.00029407440082340834,INT4_ZCU104-FINN,ZCU104-FINN_INT4_MLP_50.0
MLP,ZCU104-FINN,INT4,,64,,0.256,,235294.11800000002,,1369.41176676,98.62,,9.2,14.2,14.64,0.37248,50.0,l3,ZCU104-FINN_INT4_50%,0.0005881488016468167,INT4_ZCU104-FINN,ZCU104-FINN_INT4_MLP_50.0
MLP,ZCU104-FINN,INT4,,128,,0.512,,239252.336,,1392.44859552,98.62,,9.2,14.2,14.5875,0.74496,50.0,l3,ZCU104-FINN_INT4_50%,0.0011762976032936333,INT4_ZCU104-FINN,ZCU104-FINN_INT4_MLP_50.0
MLP,ZCU104-FINN,INT4,,256,,1.024,,241737.488,,1406.91218016,98.62,,9.2,14.2,14.98,1.48992,50.0,l3,ZCU104-FINN_INT4_50%,0.0023525952065872667,INT4_ZCU104-FINN,ZCU104-FINN_INT4_MLP_50.0
MLP,ZCU104-FINN,INT4,,512,,2.048,,242884.25,,1413.586335,98.62,,9.2,14.2,15.1125,2.97984,50.0,l3,ZCU104-FINN_INT4_50%,0.004705190413174533,INT4_ZCU104-FINN,ZCU104-FINN_INT4_MLP_50.0
MLP,ZCU104-FINN,INT2,,1,,0.008,,125000.0,,727.5,98.49,,9.2,12.76,13.02,0.00582,50.0,l3,ZCU104-FINN_INT2_50%,1.837965005146302e-05,INT2_ZCU104-FINN,ZCU104-FINN_INT2_MLP_50.0
MLP,ZCU104-FINN,INT2,,2,,0.011000000000000001,,181818.182,,1058.1818192399999,98.49,,9.2,12.76,12.9975,0.01164,50.0,l3,ZCU104-FINN_INT2_50%,2.5272018820761655e-05,INT2_ZCU104-FINN,ZCU104-FINN_INT2_MLP_50.0
MLP,ZCU104-FINN,INT2,,4,,0.015,,266666.667,,1552.00000194,98.49,,9.2,12.76,13.005,0.02328,50.0,l3,ZCU104-FINN_INT2_50%,3.4461843846493164e-05,INT2_ZCU104-FINN,ZCU104-FINN_INT2_MLP_50.0
MLP,ZCU104-FINN,INT2,,8,,0.023,,347826.08700000006,,2024.3478263400002,98.49,,9.2,12.76,12.94,0.04656,50.0,l3,ZCU104-FINN_INT2_50%,5.284149389795618e-05,INT2_ZCU104-FINN,ZCU104-FINN_INT2_MLP_50.0
MLP,ZCU104-FINN,INT2,,16,,0.039,,410256.41,,2387.6923061999996,98.49,,9.2,12.76,12.9325,0.09312,50.0,l3,ZCU104-FINN_INT2_50%,8.960079400088222e-05,INT2_ZCU104-FINN,ZCU104-FINN_INT2_MLP_50.0
MLP,ZCU104-FINN,INT2,,32,,0.07200000000000001,,444444.44399999996,,2586.6666640799995,98.49,,9.2,12.76,13.02,0.18624,50.0,l3,ZCU104-FINN_INT2_50%,0.0001654168504631672,INT2_ZCU104-FINN,ZCU104-FINN_INT2_MLP_50.0
MLP,ZCU104-FINN,INT2,,64,,0.138,,463768.11600000004,,2699.13043512,98.49,,9.2,12.76,13.0575,0.37248,50.0,l3,ZCU104-FINN_INT2_50%,0.0003170489633877371,INT2_ZCU104-FINN,ZCU104-FINN_INT2_MLP_50.0
MLP,ZCU104-FINN,INT2,,128,,0.26899999999999996,,475836.43100000004,,2769.36802842,98.49,,9.2,12.76,13.0375,0.74496,50.0,l3,ZCU104-FINN_INT2_50%,0.000618015732980444,INT2_ZCU104-FINN,ZCU104-FINN_INT2_MLP_50.0
MLP,ZCU104-FINN,INT2,,256,,0.531,,482109.22799999994,,2805.8757069599997,98.49,,9.2,12.76,13.13,1.48992,50.0,l3,ZCU104-FINN_INT2_50%,0.001219949272165858,INT2_ZCU104-FINN,ZCU104-FINN_INT2_MLP_50.0
MLP,ZCU104-FINN,INT2,,512,,1.056,,484848.485,,2821.8181827,98.49,,9.2,12.76,13.185,2.97984,50.0,l3,ZCU104-FINN_INT2_50%,0.0024261138067931186,INT2_ZCU104-FINN,ZCU104-FINN_INT2_MLP_50.0
MLP,ZCU104-Bismo,INT4,,2,,1.1901049,,1680.524129,,9.780650430779998,98.62,,9.2,14.3,15.275,0.01164,50.0,l3,ZCU104-Bismo_INT4_50%,0.0027342139483164237,INT4_ZCU104-Bismo,ZCU104-Bismo_INT4_MLP_50.0
MLP,ZCU104-Bismo,INT4,,4,,1.9075338,,2096.9484260000004,,12.204239839320001,98.62,,9.2,14.3,15.2,0.02328,50.0,l3,ZCU104-Bismo_INT4_50%,0.004382475463167181,INT4_ZCU104-Bismo,ZCU104-Bismo_INT4_MLP_50.0
MLP,ZCU104-Bismo,INT4,,8,,3.340349,,2394.959329,,13.938663294779998,98.62,,9.2,14.3,15.475,0.04656,50.0,l3,ZCU104-Bismo_INT4_50%,0.007674305708719306,INT4_ZCU104-Bismo,ZCU104-Bismo_INT4_MLP_50.0
MLP,ZCU104-Bismo,INT4,,16,,6.27726,,2548.8827929999998,,14.834497855259997,98.62,,9.2,14.3,15.375,0.09312,50.0,l3,ZCU104-Bismo_INT4_50%,0.014421730260255845,INT4_ZCU104-Bismo,ZCU104-Bismo_INT4_MLP_50.0
MLP,ZCU104-Bismo,INT4,,32,,12.228749,,2616.784432,,15.229685394239999,98.62,,9.2,14.3,15.35,0.18624,50.0,l3,ZCU104-Bismo_INT4_50%,0.028095015898397295,INT4_ZCU104-Bismo,ZCU104-Bismo_INT4_MLP_50.0
MLP,ZCU104-Bismo,INT4,,64,,23.566854,,2715.678554,,15.80524918428,98.62,,9.2,14.3,15.4,0.37248,50.0,l3,ZCU104-Bismo_INT4_50%,0.05414381616674018,INT4_ZCU104-Bismo,ZCU104-Bismo_INT4_MLP_50.0
MLP,ZCU104-Bismo,INT4,,128,,46.917617,,2728.186302,,15.878044277639999,98.62,,9.2,14.3,15.4,0.74496,50.0,l3,ZCU104-Bismo_INT4_50%,0.10779117271357153,INT4_ZCU104-Bismo,ZCU104-Bismo_INT4_MLP_50.0
MLP,ZCU104-Bismo,INT2,,2,,0.8490053,,2355.697897,,13.71016176054,98.49,,9.2,14.3,15.35,0.01164,50.0,l3,ZCU104-Bismo_INT2_50%,0.001950552538229672,INT2_ZCU104-Bismo,ZCU104-Bismo_INT2_MLP_50.0
MLP,ZCU104-Bismo,INT2,,4,,1.2278494,,3257.728513,,18.95997994566,98.49,,9.2,14.3,15.225,0.02328,50.0,l3,ZCU104-Bismo_INT2_50%,0.0028209302859873546,INT2_ZCU104-Bismo,ZCU104-Bismo_INT2_MLP_50.0
MLP,ZCU104-Bismo,INT2,,8,,2.0011012999999997,,3997.7986119999996,,23.267187921839998,98.49,,9.2,14.3,15.375,0.04656,50.0,l3,ZCU104-Bismo_INT2_50%,0.004597442701440964,INT2_ZCU104-Bismo,ZCU104-Bismo_INT2_MLP_50.0
MLP,ZCU104-Bismo,INT2,,16,,3.5625733,,4491.135663,,26.138409558659998,98.49,,9.2,14.3,15.4,0.09312,50.0,l3,ZCU104-Bismo_INT2_50%,0.008184856317085723,INT2_ZCU104-Bismo,ZCU104-Bismo_INT2_MLP_50.0
MLP,ZCU104-Bismo,INT2,,32,,6.6509979999999995,,4811.308017,,28.00181265894,98.49,,9.2,14.3,15.325,0.18624,50.0,l3,ZCU104-Bismo_INT2_50%,0.015280376966622555,INT2_ZCU104-Bismo,ZCU104-Bismo_INT2_MLP_50.0
MLP,ZCU104-Bismo,INT2,,64,,12.741983,,5022.766079999999,,29.232498585599995,98.49,,9.2,14.3,15.4,0.37248,50.0,l3,ZCU104-Bismo_INT2_50%,0.029274148562711363,INT2_ZCU104-Bismo,ZCU104-Bismo_INT2_MLP_50.0
MLP,ZCU104-Bismo,INT2,,128,,25.079286,,5103.813561999999,,29.704194930839993,98.49,,9.2,14.3,15.4,0.74496,50.0,l3,ZCU104-Bismo_INT2_50%,0.05761856252756947,INT2_ZCU104-Bismo,ZCU104-Bismo_INT2_MLP_50.0
MLP,U96-Quadcore A53,INT4,,2,,26.779,,74.6853878,,0.434668956996,98.62,,9.2,14.3,15.35357143,0.01164,50.0,l3,U96-Quadcore A53_INT4_50%,0.06152358109101603,INT4_U96-Quadcore A53,U96-Quadcore A53_INT4_MLP_50.0
MLP,U96-Quadcore A53,INT4,,4,,26.904,,148.6767767,,0.865298840394,98.62,,9.2,14.3,15.35918367,0.02328,50.0,l3,U96-Quadcore A53_INT4_50%,0.061810763123070135,INT4_U96-Quadcore A53,U96-Quadcore A53_INT4_MLP_50.0
MLP,U96-Quadcore A53,INT4,,8,,27.285,,293.2013927,,1.7064321055139997,98.62,,9.2,14.3,15.37055394,0.04656,50.0,l3,U96-Quadcore A53_INT4_50%,0.06268609395677106,INT4_U96-Quadcore A53,U96-Quadcore A53_INT4_MLP_50.0
MLP,U96-Quadcore A53,INT4,,16,,33.679,,475.0734879,,2.7649276995779997,98.62,,9.2,14.3,15.3630935,0.09312,50.0,l3,U96-Quadcore A53_INT4_50%,0.07737602926040288,INT4_U96-Quadcore A53,U96-Quadcore A53_INT4_MLP_50.0
MLP,U96-Quadcore A53,INT4,,32,,47.012,,680.6772739,,3.961541734098,98.62,,9.2,14.3,15.36224304,0.18624,50.0,l3,U96-Quadcore A53_INT4_50%,0.10800801352742244,INT4_U96-Quadcore A53,U96-Quadcore A53_INT4_MLP_50.0
MLP,U96-Quadcore A53,INT4,,64,,74.628,,857.5869647,,4.991156134553999,98.62,,9.2,14.3,15.36311754,0.37248,50.0,l3,U96-Quadcore A53_INT4_50%,0.1714545655050728,INT4_U96-Quadcore A53,U96-Quadcore A53_INT4_MLP_50.0
MLP,U96-Quadcore A53,INT4,,128,,129.957,,984.9411728,,5.732357625695999,98.62,,9.2,14.3,15.36048308,0.74496,50.0,l3,U96-Quadcore A53_INT4_50%,0.29857052271724743,INT4_U96-Quadcore A53,U96-Quadcore A53_INT4_MLP_50.0
MLP,U96-Quadcore A53,INT2,,2,,26.684,,74.95128167,,0.43621645931939995,98.49,,9.2,14.3,15.35766044,0.01164,50.0,l3,U96-Quadcore A53_INT2_50%,0.06130532274665491,INT2_U96-Quadcore A53,U96-Quadcore A53_INT2_MLP_50.0
MLP,U96-Quadcore A53,INT2,,4,,27.236,,146.8644441,,0.8547510646619999,98.49,,9.2,14.3,15.35820762,0.02328,50.0,l3,U96-Quadcore A53_INT2_50%,0.06257351860020585,INT2_U96-Quadcore A53,U96-Quadcore A53_INT2_MLP_50.0
MLP,U96-Quadcore A53,INT2,,8,,26.752,,299.0430622,,1.740430622004,98.49,,9.2,14.3,15.36772245,0.04656,50.0,l3,U96-Quadcore A53_INT2_50%,0.06146154977209234,INT2_U96-Quadcore A53,U96-Quadcore A53_INT2_MLP_50.0
MLP,U96-Quadcore A53,INT2,,16,,33.614000000000004,,475.9921461,,2.770274290302,98.49,,9.2,14.3,15.36720262,0.09312,50.0,l3,U96-Quadcore A53_INT2_50%,0.07722669460373476,INT2_U96-Quadcore A53,U96-Quadcore A53_INT2_MLP_50.0
MLP,U96-Quadcore A53,INT2,,32,,46.919,,682.0264712000001,,3.969394062384,98.49,,9.2,14.3,15.36485995,0.18624,50.0,l3,U96-Quadcore A53_INT2_50%,0.10779435009557417,INT2_U96-Quadcore A53,U96-Quadcore A53_INT2_MLP_50.0
MLP,U96-Quadcore A53,INT2,,64,,74.5,,859.0604027,,4.999731543714,98.49,,9.2,14.3,15.36770709,0.37248,50.0,l3,U96-Quadcore A53_INT2_50%,0.17116049110424938,INT2_U96-Quadcore A53,U96-Quadcore A53_INT2_MLP_50.0
MLP,U96-Quadcore A53,INT2,,128,,129.915,,985.2595928,,5.734210830095999,98.49,,9.2,14.3,15.36540046,0.74496,50.0,l3,U96-Quadcore A53_INT2_50%,0.29847402955447727,INT2_U96-Quadcore A53,U96-Quadcore A53_INT2_MLP_50.0
MLP,NCS,FP16,,1,3.23,1.66639,309.24,600.099,0.57580488,1.1173843380000001,98.49,,0.53,1.2,1.62,0.001862,25.0,l3,NCS_FP16_25%,0.0038284581311571826,FP16_NCS,NCS_FP16_MLP_25.0
MLP,NCS,FP16,,2,5.24,2.1244099999999997,381.92199999999997,941.439,0.7111387639999999,1.7529594179999999,98.49,,0.53,1.2,1.71,0.003724,25.0,l3,NCS_FP16_25%,0.004880739045728569,FP16_NCS,NCS_FP16_MLP_25.0
MLP,NCS,FP16,,4,9.33,3.07935,428.685,1298.98,0.7982114699999999,2.41870076,98.49,,0.53,1.2,1.744,0.007448,25.0,l3,NCS_FP16_25%,0.007074671923246581,FP16_NCS,NCS_FP16_MLP_25.0
MLP,NCS,FP16,,8,17.48,5.06905,457.574,1578.21,0.852002788,2.9386270199999998,98.49,,0.53,1.2,1.7790000000000001,0.014896,25.0,l3,NCS_FP16_25%,0.011645920636671078,FP16_NCS,NCS_FP16_MLP_25.0
MLP,NCS,FP16,,16,33.6,8.64809,476.212,1850.12,0.8867067439999999,3.4449234399999997,98.49,,0.53,1.2,1.8159999999999998,0.029792,25.0,l3,NCS_FP16_25%,0.019868608476694603,FP16_NCS,NCS_FP16_MLP_25.0
MLP,NCS,FP16,,32,66.1,16.1099,484.102,1986.35,0.901397924,3.6985837,98.49,,0.53,1.2,1.835,0.059584,25.0,l3,NCS_FP16_25%,0.03701179054550801,FP16_NCS,NCS_FP16_MLP_25.0
MLP,NCS,FP16,,64,129.49,30.1685,494.267,2121.42,0.9203251539999999,3.95008404,98.49,,0.53,1.2,1.837,0.119168,25.0,l3,NCS_FP16_25%,0.06931080907219526,FP16_NCS,NCS_FP16_MLP_25.0
MLP,NCS,FP16,,128,256.77,58.2507,498.496,2197.4,0.9281995519999999,4.0915588,98.49,,0.53,1.2,1.8769999999999998,0.238336,25.0,l3,NCS_FP16_25%,0.13382843515659462,FP16_NCS,NCS_FP16_MLP_25.0
MLP,TX2,FP16,maxp,1,0.59,0.27819099999999997,1750.43,3848.74,3.25930066,7.166353879999999,97.44,,1.8,4.7,7.334,0.001862,25.0,l3,TX2_FP16_25%,0.0006391316534333186,FP16_TX2,TX2_FP16_MLP_25.0
MLP,TX2,FP16,maxp,2,0.73,0.25973,2820.94,8504.14,5.25259028,15.834708679999999,97.44,,1.8,4.7,7.364,0.003724,25.0,l3,TX2_FP16_25%,0.0005967183134833113,FP16_TX2,TX2_FP16_MLP_25.0
MLP,TX2,FP16,maxp,4,1.09,0.287484,3792.59,15125.3,7.06180258,28.163308599999997,97.44,,1.8,4.7,7.284,0.007448,25.0,l3,TX2_FP16_25%,0.0006604819144243494,FP16_TX2,TX2_FP16_MLP_25.0
MLP,TX2,FP16,maxp,8,1.79,0.307859,4697.25,29380.5,8.7462795,54.706491,97.44,,1.8,4.7,8.149,0.014896,25.0,l3,TX2_FP16_25%,0.0007072925856491692,FP16_TX2,TX2_FP16_MLP_25.0
MLP,TX2,FP16,maxp,16,3.31,0.363625,5171.72,56844.7,9.62974264,105.84483139999999,97.44,,1.8,4.7,8.354,0.029792,25.0,l3,TX2_FP16_25%,0.000835412531245405,FP16_TX2,TX2_FP16_MLP_25.0
MLP,TX2,FP16,maxp,32,6.15,0.5263439999999999,5919.08,115863.0,11.02132696,215.736906,97.44,,1.8,4.7,8.161,0.059584,25.0,l3,TX2_FP16_25%,0.0012092523158359063,FP16_TX2,TX2_FP16_MLP_25.0
MLP,TX2,FP16,maxp,64,11.14,0.661312,5988.3,145166.0,11.1502146,270.299092,97.44,,1.8,4.7,8.74,0.119168,25.0,l3,TX2_FP16_25%,0.0015193353918541391,FP16_TX2,TX2_FP16_MLP_25.0
MLP,TX2,FP16,maxp,128,21.25,0.800375,6243.9,220832.0,11.6261418,411.189184,97.44,,1.8,4.7,8.066,0.238336,25.0,l3,TX2_FP16_25%,0.0018388265512424642,FP16_TX2,TX2_FP16_MLP_25.0
MLP,TX2,FP32,maxp,1,0.51,0.22253,1980.66,4836.44,3.68798892,9.005451279999999,97.44,,1.8,4.7,8.068,0.001862,25.0,l3,TX2_FP32_25%,0.0005112529407440082,FP32_TX2,TX2_FP32_MLP_25.0
MLP,TX2,FP32,maxp,2,0.81,0.22756300000000002,2968.12,9610.87,5.526639439999999,17.89543994,97.44,,1.8,4.7,7.972,0.003724,25.0,l3,TX2_FP32_25%,0.000522816038082635,FP32_TX2,TX2_FP32_MLP_25.0
MLP,TX2,FP32,maxp,4,1.09,0.23529299999999997,4063.49,18903.8,7.56621838,35.1988756,97.44,,1.8,4.7,8.158,0.007448,25.0,l3,TX2_FP32_25%,0.000540575374944861,FP32_TX2,TX2_FP32_MLP_25.0
MLP,TX2,FP32,maxp,8,1.98,0.28231300000000004,4923.08,29516.0,9.16677496,54.958791999999995,97.44,,1.8,4.7,8.505,0.014896,25.0,l3,TX2_FP32_25%,0.000648601768122335,FP32_TX2,TX2_FP32_MLP_25.0
MLP,TX2,FP32,maxp,16,3.26,0.514938,5120.0,56496.6,9.533439999999999,105.19666919999999,97.44,,1.8,4.7,8.612,0.029792,25.0,l3,TX2_FP32_25%,0.001183047529775033,FP32_TX2,TX2_FP32_MLP_25.0
MLP,TX2,FP32,maxp,32,5.95,0.532937,5688.89,105938.0,10.59271318,197.256556,97.44,,1.8,4.7,8.547,0.059584,25.0,l3,TX2_FP32_25%,0.0012243994449345685,FP32_TX2,TX2_FP32_MLP_25.0
MLP,TX2,FP32,maxp,64,11.18,0.692438,5953.49,134489.0,11.085398379999999,250.418518,97.44,,1.8,4.7,8.318,0.119168,25.0,l3,TX2_FP32_25%,0.0015908460152918688,FP32_TX2,TX2_FP32_MLP_25.0
MLP,TX2,FP32,maxp,128,21.7,0.872125,6168.67,193866.0,11.48606354,360.97849199999996,97.44,,1.8,4.7,9.199,0.238336,25.0,l3,TX2_FP32_25%,0.002003669037641523,FP32_TX2,TX2_FP32_MLP_25.0
MLP,ZCU104-FINN,INT4,,1,,0.005,,200000.0,,372.4,98.29,,9.2,14.2,14.4225,0.001862,25.0,l3,ZCU104-FINN_INT4_25%,1.1487281282164387e-05,INT4_ZCU104-FINN,ZCU104-FINN_INT4_MLP_25.0
MLP,ZCU104-FINN,INT4,,2,,0.008,,285714.286,,532.0000005320001,98.29,,9.2,14.2,14.3275,0.003724,25.0,l3,ZCU104-FINN_INT4_25%,1.837965005146302e-05,INT4_ZCU104-FINN,ZCU104-FINN_INT4_MLP_25.0
MLP,ZCU104-FINN,INT4,,4,,0.012,,400000.0,,744.8,98.29,,9.2,14.2,14.325,0.007448,25.0,l3,ZCU104-FINN_INT4_25%,2.756947507719453e-05,INT4_ZCU104-FINN,ZCU104-FINN_INT4_MLP_25.0
MLP,ZCU104-FINN,INT4,,8,,0.016,,470588.235,,876.23529357,98.29,,9.2,14.2,14.32,0.014896,25.0,l3,ZCU104-FINN_INT4_25%,3.675930010292604e-05,INT4_ZCU104-FINN,ZCU104-FINN_INT4_MLP_25.0
MLP,ZCU104-FINN,INT4,,16,,0.032,,533333.333,,993.0666660459999,98.29,,9.2,14.2,14.3525,0.029792,25.0,l3,ZCU104-FINN_INT4_25%,7.351860020585208e-05,INT4_ZCU104-FINN,ZCU104-FINN_INT4_MLP_25.0
MLP,ZCU104-FINN,INT4,,32,,0.064,,561403.509,,1045.333333758,98.29,,9.2,14.2,14.335,0.059584,25.0,l3,ZCU104-FINN_INT4_25%,0.00014703720041170417,INT4_ZCU104-FINN,ZCU104-FINN_INT4_MLP_25.0
MLP,ZCU104-FINN,INT4,,64,,0.128,,576576.577,,1073.585586374,98.29,,9.2,14.2,14.415,0.119168,25.0,l3,ZCU104-FINN_INT4_25%,0.00029407440082340834,INT4_ZCU104-FINN,ZCU104-FINN_INT4_MLP_25.0
MLP,ZCU104-FINN,INT4,,128,,0.256,,589861.751,,1098.322580362,98.29,,9.2,14.2,14.4675,0.238336,25.0,l3,ZCU104-FINN_INT4_25%,0.0005881488016468167,INT4_ZCU104-FINN,ZCU104-FINN_INT4_MLP_25.0
MLP,ZCU104-FINN,INT4,,256,,0.512,,595348.837,,1108.539534494,98.29,,9.2,14.2,14.53,0.476672,25.0,l3,ZCU104-FINN_INT4_25%,0.0011762976032936333,INT4_ZCU104-FINN,ZCU104-FINN_INT4_MLP_25.0
MLP,ZCU104-FINN,INT4,,512,,1.024,,598130.841,,1113.719625942,98.29,,9.2,14.2,14.595,0.953344,25.0,l3,ZCU104-FINN_INT4_25%,0.0023525952065872667,INT4_ZCU104-FINN,ZCU104-FINN_INT4_MLP_25.0
MLP,ZCU104-FINN,INT2,,1,,0.002,,500000.0,,931.0,98.04,,9.2,13.86,14.13,0.001862,25.0,l3,ZCU104-FINN_INT2_25%,4.594912512865755e-06,INT2_ZCU104-FINN,ZCU104-FINN_INT2_MLP_25.0
MLP,ZCU104-FINN,INT2,,2,,0.003,,666666.667,,1241.333333954,98.04,,9.2,13.86,14.01,0.003724,25.0,l3,ZCU104-FINN_INT2_25%,6.8923687692986324e-06,INT2_ZCU104-FINN,ZCU104-FINN_INT2_MLP_25.0
MLP,ZCU104-FINN,INT2,,4,,0.004,,1000000.0,,1862.0,98.04,,9.2,13.86,13.98,0.007448,25.0,l3,ZCU104-FINN_INT2_25%,9.18982502573151e-06,INT2_ZCU104-FINN,ZCU104-FINN_INT2_MLP_25.0
MLP,ZCU104-FINN,INT2,,8,,0.006999999999999999,,1142857.143,,2128.000000266,98.04,,9.2,13.86,14.0225,0.014896,25.0,l3,ZCU104-FINN_INT2_25%,1.608219379503014e-05,INT2_ZCU104-FINN,ZCU104-FINN_INT2_MLP_25.0
MLP,ZCU104-FINN,INT2,,16,,0.01,,1600000.0,,2979.2,98.04,,9.2,13.86,14.06,0.029792,25.0,l3,ZCU104-FINN_INT2_25%,2.2974562564328774e-05,INT2_ZCU104-FINN,ZCU104-FINN_INT2_MLP_25.0
MLP,ZCU104-FINN,INT2,,32,,0.019,,1684210.5259999998,,3135.9999994119994,98.04,,9.2,13.86,14.065,0.059584,25.0,l3,ZCU104-FINN_INT2_25%,4.365166887222467e-05,INT2_ZCU104-FINN,ZCU104-FINN_INT2_MLP_25.0
MLP,ZCU104-FINN,INT2,,64,,0.036000000000000004,,1777777.7780000002,,3310.2222226360004,98.04,,9.2,13.86,14.005,0.119168,25.0,l3,ZCU104-FINN_INT2_25%,8.27084252315836e-05,INT2_ZCU104-FINN,ZCU104-FINN_INT2_MLP_25.0
MLP,ZCU104-FINN,INT2,,128,,0.068,,1882352.9409999999,,3504.9411761419997,98.04,,9.2,13.86,14.1025,0.238336,25.0,l3,ZCU104-FINN_INT2_25%,0.00015622702543743568,INT2_ZCU104-FINN,ZCU104-FINN_INT2_MLP_25.0
MLP,ZCU104-FINN,INT2,,256,,0.134,,1910447.761,,3557.253730982,98.04,,9.2,13.86,14.145,0.476672,25.0,l3,ZCU104-FINN_INT2_25%,0.0003078591383620056,INT2_ZCU104-FINN,ZCU104-FINN_INT2_MLP_25.0
MLP,ZCU104-FINN,INT2,,512,,0.265,,1932075.4719999998,,3597.5245288639994,98.04,,9.2,13.86,14.1825,0.953344,25.0,l3,ZCU104-FINN_INT2_25%,0.0006088259079547125,INT2_ZCU104-FINN,ZCU104-FINN_INT2_MLP_25.0
MLP,ZCU104-Bismo,INT4,,2,,0.48889,,4090.899793,,7.617255414565999,98.29,,9.2,14.3,15.35,0.003724,25.0,l3,ZCU104-Bismo_INT4_25%,0.0011232033892074693,INT4_ZCU104-Bismo,ZCU104-Bismo_INT4_MLP_25.0
MLP,ZCU104-Bismo,INT4,,4,,0.7339663000000001,,5449.841498,,10.147604869276,98.29,,9.2,14.3,15.375,0.007448,25.0,l3,ZCU104-Bismo_INT4_25%,0.0016862554679458904,INT4_ZCU104-Bismo,ZCU104-Bismo_INT4_MLP_25.0
MLP,ZCU104-Bismo,INT4,,8,,1.2429795,,6436.147982,,11.984107542484,98.29,,9.2,14.3,15.225,0.014896,25.0,l3,ZCU104-Bismo_INT4_25%,0.0028556910288928096,INT4_ZCU104-Bismo,ZCU104-Bismo_INT4_MLP_25.0
MLP,ZCU104-Bismo,INT4,,16,,2.2570382999999996,,7088.935973999999,,13.199598783587998,98.29,,9.2,14.3,15.325,0.029792,25.0,l3,ZCU104-Bismo_INT4_25%,0.005185446763343625,INT4_ZCU104-Bismo,ZCU104-Bismo_INT4_MLP_25.0
MLP,ZCU104-Bismo,INT4,,32,,4.331067,,7388.479559,,13.757348938858,98.29,,9.2,14.3,15.4,0.059584,25.0,l3,ZCU104-Bismo_INT4_25%,0.009950436976179974,INT4_ZCU104-Bismo,ZCU104-Bismo_INT4_MLP_25.0
MLP,ZCU104-Bismo,INT4,,64,,8.464694,,7560.816729000001,,14.078240749398,98.29,,9.2,14.3,15.375,0.119168,25.0,l3,ZCU104-Bismo_INT4_25%,0.01944726418908984,INT4_ZCU104-Bismo,ZCU104-Bismo_INT4_MLP_25.0
MLP,ZCU104-Bismo,INT4,,128,,16.747152,,7643.090598000001,,14.231434693476,98.29,,9.2,14.3,15.55,0.238336,25.0,l3,ZCU104-Bismo_INT4_25%,0.038475849139832374,INT4_ZCU104-Bismo,ZCU104-Bismo_INT4_MLP_25.0
MLP,ZCU104-Bismo,INT2,,2,,0.3788816,,5278.693924,,9.828928086488,98.04,,9.2,14.3,15.35,0.003724,25.0,l3,ZCU104-Bismo_INT2_25%,0.0008704639023672989,INT2_ZCU104-Bismo,ZCU104-Bismo_INT2_MLP_25.0
MLP,ZCU104-Bismo,INT2,,4,,0.5110979999999999,,7826.2877180000005,,14.572547730916,98.04,,9.2,14.3,15.325,0.007448,25.0,l3,ZCU104-Bismo_INT2_25%,0.0011742252977503308,INT2_ZCU104-Bismo,ZCU104-Bismo_INT2_MLP_25.0
MLP,ZCU104-Bismo,INT2,,8,,0.7839515,,10204.71292,,19.00117545704,98.04,,9.2,14.3,15.275,0.014896,25.0,l3,ZCU104-Bismo_INT2_25%,0.001801094278414939,INT2_ZCU104-Bismo,ZCU104-Bismo_INT2_MLP_25.0
MLP,ZCU104-Bismo,INT2,,16,,1.3468305,,11879.74285,,22.120081186700002,98.04,,9.2,14.3,15.4,0.029792,25.0,l3,ZCU104-Bismo_INT2_25%,0.0030942841585796205,INT2_ZCU104-Bismo,ZCU104-Bismo_INT2_MLP_25.0
MLP,ZCU104-Bismo,INT2,,32,,2.4488868999999998,,13067.16125,,24.3310542475,98.04,,9.2,14.3,15.375,0.059584,25.0,l3,ZCU104-Bismo_INT2_25%,0.005626210529701514,INT2_ZCU104-Bismo,ZCU104-Bismo_INT2_MLP_25.0
MLP,ZCU104-Bismo,INT2,,64,,4.6817269999999995,,13670.16915,,25.4538549573,98.04,,9.2,14.3,15.325,0.119168,25.0,l3,ZCU104-Bismo_INT2_25%,0.010756062987060725,INT2_ZCU104-Bismo,ZCU104-Bismo_INT2_MLP_25.0
MLP,ZCU104-Bismo,INT2,,128,,9.032107,,14171.66559,,26.38764132858,98.04,,9.2,14.3,15.225,0.238336,25.0,l3,ZCU104-Bismo_INT2_25%,0.020750870735921186,INT2_ZCU104-Bismo,ZCU104-Bismo_INT2_MLP_25.0
MLP,U96-Quadcore A53,INT4,,2,,7.827999999999999,,255.4931017,,0.47572815536540003,98.29,,9.2,14.3,15.34821429,0.003724,25.0,l3,U96-Quadcore A53_INT4_25%,0.017984487575356565,INT4_U96-Quadcore A53,U96-Quadcore A53_INT4_MLP_25.0
MLP,U96-Quadcore A53,INT4,,4,,7.848,,509.68399589999996,,0.9490316003657999,98.29,,9.2,14.3,15.34808673,0.007448,25.0,l3,U96-Quadcore A53_INT4_25%,0.018030436700485222,INT4_U96-Quadcore A53,U96-Quadcore A53_INT4_MLP_25.0
MLP,U96-Quadcore A53,INT4,,8,,7.853,,1018.7189609999999,,1.8968547053819997,98.29,,9.2,14.3,15.34616436,0.014896,25.0,l3,U96-Quadcore A53_INT4_25%,0.018041923981767388,INT4_U96-Quadcore A53,U96-Quadcore A53_INT4_MLP_25.0
MLP,U96-Quadcore A53,INT4,,16,,10.062999999999999,,1589.9831060000001,,2.960548543372,98.29,,9.2,14.3,15.35481896,0.029792,25.0,l3,U96-Quadcore A53_INT4_25%,0.02311930230848404,INT4_U96-Quadcore A53,U96-Quadcore A53_INT4_MLP_25.0
MLP,U96-Quadcore A53,INT4,,32,,14.395,,2222.994095,,4.13921500489,98.29,,9.2,14.3,15.35694888,0.059584,25.0,l3,U96-Quadcore A53_INT4_25%,0.03307188281135127,INT4_U96-Quadcore A53,U96-Quadcore A53_INT4_MLP_25.0
MLP,U96-Quadcore A53,INT4,,64,,23.355,,2740.3125670000004,,5.102461999754,98.29,,9.2,14.3,15.3538738,0.119168,25.0,l3,U96-Quadcore A53_INT4_25%,0.05365709086898986,INT4_U96-Quadcore A53,U96-Quadcore A53_INT4_MLP_25.0
MLP,U96-Quadcore A53,INT4,,128,,41.156000000000006,,3110.1176010000004,,5.791038973062,98.29,,9.2,14.3,15.35236479,0.238336,25.0,l3,U96-Quadcore A53_INT4_25%,0.09455410968975152,INT4_U96-Quadcore A53,U96-Quadcore A53_INT4_MLP_25.0
MLP,U96-Quadcore A53,INT2,,2,,7.754,,257.9313903,,0.4802682487385999,98.04,,9.2,14.3,15.33824799,0.003724,25.0,l3,U96-Quadcore A53_INT2_25%,0.01781447581238053,INT2_U96-Quadcore A53,U96-Quadcore A53_INT2_MLP_25.0
MLP,U96-Quadcore A53,INT2,,4,,7.841,,510.13901289999995,,0.9498788420197999,98.04,,9.2,14.3,15.33740856,0.007448,25.0,l3,U96-Quadcore A53_INT2_25%,0.018014354506690193,INT2_U96-Quadcore A53,U96-Quadcore A53_INT2_MLP_25.0
MLP,U96-Quadcore A53,INT2,,8,,7.85,,1019.10828,,1.89757961736,98.04,,9.2,14.3,15.33829488,0.014896,25.0,l3,U96-Quadcore A53_INT2_25%,0.018035031612998086,INT2_U96-Quadcore A53,U96-Quadcore A53_INT2_MLP_25.0
MLP,U96-Quadcore A53,INT2,,16,,10.115,,1581.809194,,2.9453287192279998,98.04,,9.2,14.3,15.34281594,0.029792,25.0,l3,U96-Quadcore A53_INT2_25%,0.023238770033818554,INT2_U96-Quadcore A53,U96-Quadcore A53_INT2_MLP_25.0
MLP,U96-Quadcore A53,INT2,,32,,14.387,,2224.230208,,4.141516647296,98.04,,9.2,14.3,15.33873137,0.059584,25.0,l3,U96-Quadcore A53_INT2_25%,0.03305350316129981,INT2_U96-Quadcore A53,U96-Quadcore A53_INT2_MLP_25.0
MLP,U96-Quadcore A53,INT2,,64,,23.176,,2761.47739,,5.14187090018,98.04,,9.2,14.3,15.33614075,0.119168,25.0,l3,U96-Quadcore A53_INT2_25%,0.05324584619908836,INT2_U96-Quadcore A53,U96-Quadcore A53_INT2_MLP_25.0
MLP,U96-Quadcore A53,INT2,,128,,41.228,,3104.686136,,5.780925585232,98.04,,9.2,14.3,15.33693652,0.238336,25.0,l3,U96-Quadcore A53_INT2_25%,0.09471952654021468,INT2_U96-Quadcore A53,U96-Quadcore A53_INT2_MLP_25.0
MLP,NCS,FP16,,1,3.16,1.6157,316.199,618.928,0.21153713100000002,0.414062832,97.95,,0.53,1.2,1.548,0.000669,12.5,l3,NCS_FP16_12.50%,0.0037120000735186,FP16_NCS,NCS_FP16_MLP_12.5
MLP,NCS,FP16,,2,5.08,1.9723,393.474,1014.05,0.26323410599999997,0.67839945,97.95,,0.53,1.2,1.6280000000000001,0.001338,12.5,l3,NCS_FP16_12.50%,0.004531272974562564,FP16_NCS,NCS_FP16_MLP_12.5
MLP,NCS,FP16,,4,8.87,2.67093,450.727,1497.6,0.301536363,1.0018943999999999,97.95,,0.53,1.2,1.67,0.002676,12.5,l3,NCS_FP16_12.50%,0.006136344838994265,FP16_NCS,NCS_FP16_MLP_12.5
MLP,NCS,FP16,,8,16.44,4.18684,486.767,1910.75,0.325647123,1.27829175,97.95,,0.53,1.2,1.699,0.005352,12.5,l3,NCS_FP16_12.50%,0.00961908175268343,FP16_NCS,NCS_FP16_MLP_12.5
MLP,NCS,FP16,,16,31.79,7.118469999999999,503.27,2247.67,0.33668762999999996,1.50369123,97.95,,0.53,1.2,1.7109999999999999,0.010704,12.5,l3,NCS_FP16_12.50%,0.016354373437729743,FP16_NCS,NCS_FP16_MLP_12.5
MLP,NCS,FP16,,32,62.05,12.9453,515.686,2471.93,0.344993934,1.6537211699999999,97.95,,0.53,1.2,1.735,0.021408,12.5,l3,NCS_FP16_12.50%,0.02974126047640053,FP16_NCS,NCS_FP16_MLP_12.5
MLP,NCS,FP16,,64,123,24.0058,520.318,2666.02,0.348092742,1.78356738,97.95,,0.53,1.2,1.719,0.042816,12.5,l3,NCS_FP16_12.50%,0.055152275400676375,FP16_NCS,NCS_FP16_MLP_12.5
MLP,NCS,FP16,,128,243.2,45.7766,526.317,2796.19,0.352106073,1.87065111,97.95,,0.53,1.2,1.764,0.085632,12.5,l3,NCS_FP16_12.50%,0.10516973606822526,FP16_NCS,NCS_FP16_MLP_12.5
MLP,TX2,FP16,maxp,1,0.57,0.27808,1759.45,3864.97,1.17707205,2.5856649299999996,97.15,,1.8,4.7,6.6610000000000005,0.000669,12.5,l3,TX2_FP16_12.50%,0.0006388766357888545,FP16_TX2,TX2_FP16_MLP_12.5
MLP,TX2,FP16,maxp,2,0.75,0.285041,2716.18,7639.51,1.8171244199999999,5.11083219,97.15,,1.8,4.7,6.51,0.001338,12.5,l3,TX2_FP16_12.50%,0.0006548692287898838,FP16_TX2,TX2_FP16_MLP_12.5
MLP,TX2,FP16,maxp,4,1.1,0.290605,3849.62,15091.2,2.57539578,10.0960128,97.15,,1.8,4.7,6.643,0.002676,12.5,l3,TX2_FP16_12.50%,0.0006676522754006764,FP16_TX2,TX2_FP16_MLP_12.5
MLP,TX2,FP16,maxp,8,1.64,0.306844,4785.05,29828.1,3.20119845,19.9549989,97.15,,1.8,4.7,7.353,0.005352,12.5,l3,TX2_FP16_12.50%,0.0007049606675488899,FP16_TX2,TX2_FP16_MLP_12.5
MLP,TX2,FP16,maxp,16,3.12,0.34270300000000004,5657.46,71794.2,3.78484074,48.0303198,97.15,,1.8,4.7,7.652,0.010704,12.5,l3,TX2_FP16_12.50%,0.0007873451514483165,FP16_TX2,TX2_FP16_MLP_12.5
MLP,TX2,FP16,maxp,32,5.61,0.31725,6023.53,121789.0,4.02974157,81.476841,97.15,,1.8,4.7,7.542999999999999,0.021408,12.5,l3,TX2_FP16_12.50%,0.0007288679973533304,FP16_TX2,TX2_FP16_MLP_12.5
MLP,TX2,FP16,maxp,64,9.11,0.463625,6206.06,192120.0,4.15185414,128.52828,97.15,,1.8,4.7,7.886,0.042816,12.5,l3,TX2_FP16_12.50%,0.0010651581568886929,FP16_TX2,TX2_FP16_MLP_12.5
MLP,TX2,FP16,maxp,128,21.57,0.66525,6360.25,278034.0,4.25500725,186.004746,97.15,,1.8,4.7,8.382,0.085632,12.5,l3,TX2_FP16_12.50%,0.0015283827745919717,FP16_TX2,TX2_FP16_MLP_12.5
MLP,TX2,FP32,maxp,1,0.6,0.216087,2019.72,4963.28,1.35119268,3.32043432,97.15,,1.8,4.7,7.4110000000000005,0.000669,12.5,l3,TX2_FP32_12.50%,0.0004964504300838112,FP32_TX2,TX2_FP32_MLP_12.5
MLP,TX2,FP32,maxp,2,0.87,0.28781799999999996,3002.93,9745.51,2.00896017,6.51974619,97.15,,1.8,4.7,7.265,0.001338,12.5,l3,TX2_FP32_12.50%,0.0006612492648139978,FP32_TX2,TX2_FP32_MLP_12.5
MLP,TX2,FP32,maxp,4,1.22,0.36945700000000004,4129.03,19384.0,2.7623210699999996,12.967896,97.15,,1.8,4.7,7.309,0.002676,12.5,l3,TX2_FP32_12.50%,0.0008488112961329217,FP32_TX2,TX2_FP32_MLP_12.5
MLP,TX2,FP32,maxp,8,1.69,0.23718699999999998,5019.61,36867.7,3.3581190899999998,24.664491299999998,97.15,,1.8,4.7,7.732,0.005352,12.5,l3,TX2_FP32_12.50%,0.0005449267570945449,FP32_TX2,TX2_FP32_MLP_12.5
MLP,TX2,FP32,maxp,16,3.19,0.410703,5688.89,72480.2,3.8058674100000003,48.4892538,97.15,,1.8,4.7,7.861000000000001,0.010704,12.5,l3,TX2_FP32_12.50%,0.0009435721768857521,FP32_TX2,TX2_FP32_MLP_12.5
MLP,TX2,FP32,maxp,32,5.71,0.45315600000000006,5851.43,140466.0,3.9146066700000004,93.971754,97.15,,1.8,4.7,7.7589999999999995,0.021408,12.5,l3,TX2_FP32_12.50%,0.0010411060873400972,FP32_TX2,TX2_FP32_MLP_12.5
MLP,TX2,FP32,maxp,64,10.87,0.591562,6095.24,173530.0,4.07771556,116.09157,97.15,,1.8,4.7,7.935,0.042816,12.5,l3,TX2_FP32_12.50%,0.001359087817967946,FP32_TX2,TX2_FP32_MLP_12.5
MLP,TX2,FP32,maxp,128,21.53,0.68425,6320.99,264873.0,4.2287423099999994,177.200037,97.15,,1.8,4.7,8.31,0.085632,12.5,l3,TX2_FP32_12.50%,0.0015720344434641965,FP32_TX2,TX2_FP32_MLP_12.5
MLP,ZCU104-FINN,INT4,,1,,0.003,,333333.33,,222.99999777000002,97.54,,9.2,14.2,14.65,0.000669,12.5,l3,ZCU104-FINN_INT4_12.50%,6.8923687692986324e-06,INT4_ZCU104-FINN,ZCU104-FINN_INT4_MLP_12.5
MLP,ZCU104-FINN,INT4,,2,,0.004,,500000.0,,334.5,97.54,,9.2,14.2,14.65,0.001338,12.5,l3,ZCU104-FINN_INT4_12.50%,9.18982502573151e-06,INT4_ZCU104-FINN,ZCU104-FINN_INT4_MLP_12.5
MLP,ZCU104-FINN,INT4,,4,,0.006,,666666.67,,446.00000223,97.54,,9.2,14.2,14.65,0.002676,12.5,l3,ZCU104-FINN_INT4_12.50%,1.3784737538597265e-05,INT4_ZCU104-FINN,ZCU104-FINN_INT4_MLP_12.5
MLP,ZCU104-FINN,INT4,,8,,0.009000000000000001,,888888.89,,594.6666674100001,97.54,,9.2,14.2,14.65,0.005352,12.5,l3,ZCU104-FINN_INT4_12.50%,2.06771063078959e-05,INT4_ZCU104-FINN,ZCU104-FINN_INT4_MLP_12.5
MLP,ZCU104-FINN,INT4,,16,,0.016,,1000000.0,,669.0,97.54,,9.2,14.2,14.65,0.010704,12.5,l3,ZCU104-FINN_INT4_12.50%,3.675930010292604e-05,INT4_ZCU104-FINN,ZCU104-FINN_INT4_MLP_12.5
MLP,ZCU104-FINN,INT4,,32,,0.028999999999999998,,1103448.28,,738.20689932,97.54,,9.2,14.2,14.65,0.021408,12.5,l3,ZCU104-FINN_INT4_12.50%,6.662623143655344e-05,INT4_ZCU104-FINN,ZCU104-FINN_INT4_MLP_12.5
MLP,ZCU104-FINN,INT4,,64,,0.055,,1163636.36,,778.4727248400001,97.54,,9.2,14.2,14.65,0.042816,12.5,l3,ZCU104-FINN_INT4_12.50%,0.00012636009410380827,INT4_ZCU104-FINN,ZCU104-FINN_INT4_MLP_12.5
MLP,ZCU104-FINN,INT4,,128,,0.109,,1174311.93,,785.6146811699999,97.54,,9.2,14.2,14.65,0.085632,12.5,l3,ZCU104-FINN_INT4_12.50%,0.0002504227319511836,INT4_ZCU104-FINN,ZCU104-FINN_INT4_MLP_12.5
MLP,ZCU104-FINN,INT4,,256,,0.21600000000000003,,1185185.19,,792.8888921099999,97.54,,9.2,14.2,14.65,0.171264,12.5,l3,ZCU104-FINN_INT4_12.50%,0.0004962505513895016,INT4_ZCU104-FINN,ZCU104-FINN_INT4_MLP_12.5
MLP,ZCU104-FINN,INT4,,512,,0.429,,1193473.19,,798.4335641099999,97.54,,9.2,14.2,14.65,0.342528,12.5,l3,ZCU104-FINN_INT4_12.50%,0.0009856087340097044,INT4_ZCU104-FINN,ZCU104-FINN_INT4_MLP_12.5
MLP,ZCU104-FINN,INT2,,1,,0.002,,1000000.0,,669.0,96.85,,9.2,13.85,14.1825,0.000669,12.5,l3,ZCU104-FINN_INT2_12.50%,4.594912512865755e-06,INT2_ZCU104-FINN,ZCU104-FINN_INT2_MLP_12.5
MLP,ZCU104-FINN,INT2,,2,,0.002,,1000000.0,,669.0,96.85,,9.2,13.85,14.0675,0.001338,12.5,l3,ZCU104-FINN_INT2_12.50%,4.594912512865755e-06,INT2_ZCU104-FINN,ZCU104-FINN_INT2_MLP_12.5
MLP,ZCU104-FINN,INT2,,4,,0.003,,1333333.3329999999,,891.9999997769999,96.85,,9.2,13.85,14.1,0.002676,12.5,l3,ZCU104-FINN_INT2_12.50%,6.8923687692986324e-06,INT2_ZCU104-FINN,ZCU104-FINN_INT2_MLP_12.5
MLP,ZCU104-FINN,INT2,,8,,0.004,,2000000.0,,1338.0,96.85,,9.2,13.85,14.02,0.005352,12.5,l3,ZCU104-FINN_INT2_12.50%,9.18982502573151e-06,INT2_ZCU104-FINN,ZCU104-FINN_INT2_MLP_12.5
MLP,ZCU104-FINN,INT2,,16,,0.006,,2666666.667,,1784.000000223,96.85,,9.2,13.85,14.06,0.010704,12.5,l3,ZCU104-FINN_INT2_12.50%,1.3784737538597265e-05,INT2_ZCU104-FINN,ZCU104-FINN_INT2_MLP_12.5
MLP,ZCU104-FINN,INT2,,32,,0.01,,3200000.0,,2140.8,96.85,,9.2,13.85,14.0,0.021408,12.5,l3,ZCU104-FINN_INT2_12.50%,2.2974562564328774e-05,INT2_ZCU104-FINN,ZCU104-FINN_INT2_MLP_12.5
MLP,ZCU104-FINN,INT2,,64,,0.019,,3368421.0530000003,,2253.473684457,96.85,,9.2,13.85,14.045,0.042816,12.5,l3,ZCU104-FINN_INT2_12.50%,4.365166887222467e-05,INT2_ZCU104-FINN,ZCU104-FINN_INT2_MLP_12.5
MLP,ZCU104-FINN,INT2,,128,,0.035,,3657142.857,,2446.628571333,96.85,,9.2,13.85,14.055,0.085632,12.5,l3,ZCU104-FINN_INT2_12.50%,8.041096897515072e-05,INT2_ZCU104-FINN,ZCU104-FINN_INT2_MLP_12.5
MLP,ZCU104-FINN,INT2,,256,,0.068,,3764705.8819999998,,2518.588235058,96.85,,9.2,13.85,14.075,0.171264,12.5,l3,ZCU104-FINN_INT2_12.50%,0.00015622702543743568,INT2_ZCU104-FINN,ZCU104-FINN_INT2_MLP_12.5
MLP,ZCU104-FINN,INT2,,512,,0.133,,3849624.06,,2575.39849614,96.85,,9.2,13.85,14.12,0.342528,12.5,l3,ZCU104-FINN_INT2_12.50%,0.00030556168210557275,INT2_ZCU104-FINN,ZCU104-FINN_INT2_MLP_12.5
MLP,ZCU104-Bismo,INT4,,2,,0.221656,,9022.99058,,6.036380698019999,97.54,,9.2,14.3,15.375,0.001338,12.5,l3,ZCU104-Bismo_INT4_12.50%,0.0005092449639758858,INT4_ZCU104-Bismo,ZCU104-Bismo_INT4_MLP_12.5
MLP,ZCU104-Bismo,INT4,,4,,0.3263472,,12256.88469,,8.19985585761,97.54,,9.2,14.3,15.35,0.002676,12.5,l3,ZCU104-Bismo_INT4_12.50%,0.0007497684164093516,INT4_ZCU104-Bismo,ZCU104-Bismo_INT4_MLP_12.5
MLP,ZCU104-Bismo,INT4,,8,,0.5192422999999999,,15407.06526,,10.30732665894,97.54,,9.2,14.3,15.25,0.005352,12.5,l3,ZCU104-Bismo_INT4_12.50%,0.001192936470739597,INT4_ZCU104-Bismo,ZCU104-Bismo_INT4_MLP_12.5
MLP,ZCU104-Bismo,INT4,,16,,0.9281510000000001,,17238.57433,,11.53260622677,97.54,,9.2,14.3,15.775,0.010704,12.5,l3,ZCU104-Bismo_INT4_12.50%,0.002132386321864432,INT4_ZCU104-Bismo,ZCU104-Bismo_INT4_MLP_12.5
MLP,ZCU104-Bismo,INT4,,32,,1.7796005000000001,,17981.56384,,12.029666208959998,97.54,,9.2,14.3,15.425,0.021408,12.5,l3,ZCU104-Bismo_INT4_12.50%,0.004088554302676077,INT4_ZCU104-Bismo,ZCU104-Bismo_INT4_MLP_12.5
MLP,ZCU104-Bismo,INT4,,64,,3.351983,,19093.17559,,12.773334469709999,97.54,,9.2,14.3,15.4,0.042816,12.5,l3,ZCU104-Bismo_INT4_12.50%,0.007701034314806646,INT4_ZCU104-Bismo,ZCU104-Bismo_INT4_MLP_12.5
MLP,ZCU104-Bismo,INT4,,128,,6.721276,,19044.00295,,12.740437973549998,97.54,,9.2,14.3,15.4,0.085632,12.5,l3,ZCU104-Bismo_INT4_12.50%,0.015441837597412144,INT4_ZCU104-Bismo,ZCU104-Bismo_INT4_MLP_12.5
MLP,ZCU104-Bismo,INT2,,2,,0.1777432,,11252.18855,,7.5277141399500005,96.85,,9.2,14.3,15.375,0.001338,12.5,l3,ZCU104-Bismo_INT2_12.50%,0.0004083572268784002,INT2_ZCU104-Bismo,ZCU104-Bismo_INT2_MLP_12.5
MLP,ZCU104-Bismo,INT2,,4,,0.2372716,,16858.31764,,11.27821450116,96.85,,9.2,14.3,15.4,0.002676,12.5,l3,ZCU104-Bismo_INT2_12.50%,0.0005451211218938392,INT2_ZCU104-Bismo,ZCU104-Bismo_INT2_MLP_12.5
MLP,ZCU104-Bismo,INT2,,8,,0.3524921,,22695.5441,,15.1833190029,96.85,,9.2,14.3,15.35,0.005352,12.5,l3,ZCU104-Bismo_INT2_12.50%,0.0008098351804881634,INT2_ZCU104-Bismo,ZCU104-Bismo_INT2_MLP_12.5
MLP,ZCU104-Bismo,INT2,,16,,0.5881343000000001,,27204.670769999997,,18.199924745129998,96.85,,9.2,14.3,15.375,0.010704,12.5,l3,ZCU104-Bismo_INT2_12.50%,0.0013512128271577712,INT2_ZCU104-Bismo,ZCU104-Bismo_INT2_MLP_12.5
MLP,ZCU104-Bismo,INT2,,32,,1.0490677,,30503.27448,,20.40669062712,96.85,,9.2,14.3,15.4,0.021408,12.5,l3,ZCU104-Bismo_INT2_12.50%,0.0024101871507866486,INT2_ZCU104-Bismo,ZCU104-Bismo_INT2_MLP_12.5
MLP,ZCU104-Bismo,INT2,,64,,1.9529131000000002,,32771.55548,,21.92417061612,96.85,,9.2,14.3,15.375,0.042816,12.5,l3,ZCU104-Bismo_INT2_12.50%,0.004486732419864726,INT2_ZCU104-Bismo,ZCU104-Bismo_INT2_MLP_12.5
MLP,ZCU104-Bismo,INT2,,128,,3.816102,,33542.080369999996,,22.43965176753,96.85,,9.2,14.3,15.4,0.085632,12.5,l3,ZCU104-Bismo_INT2_12.50%,0.008767327415086016,INT2_ZCU104-Bismo,ZCU104-Bismo_INT2_MLP_12.5
MLP,U96-Quadcore A53,INT4,,2,,2.536,,788.6435331,,0.5276025236439,97.54,,9.2,14.3,15.40357143,0.001338,12.5,l3,U96-Quadcore A53_INT4_12.50%,0.005826349066313777,INT4_U96-Quadcore A53,U96-Quadcore A53_INT4_MLP_12.5
MLP,U96-Quadcore A53,INT4,,4,,2.555,,1565.55773,,1.04735812137,97.54,,9.2,14.3,15.40561224,0.002676,12.5,l3,U96-Quadcore A53_INT4_12.50%,0.005870000735186003,INT4_U96-Quadcore A53,U96-Quadcore A53_INT4_MLP_12.5
MLP,U96-Quadcore A53,INT4,,8,,2.608,,3067.4846629999997,,2.0521472395469997,97.54,,9.2,14.3,15.40958455,0.005352,12.5,l3,U96-Quadcore A53_INT4_12.50%,0.005991765916776945,INT4_U96-Quadcore A53,U96-Quadcore A53_INT4_MLP_12.5
MLP,U96-Quadcore A53,INT4,,16,,3.405,,4698.9721,,3.1436123349,97.54,,9.2,14.3,15.42098344,0.010704,12.5,l3,U96-Quadcore A53_INT4_12.50%,0.007822838553153947,INT4_U96-Quadcore A53,U96-Quadcore A53_INT4_MLP_12.5
MLP,U96-Quadcore A53,INT4,,32,,5.066,,6316.620608,,4.225819186752,97.54,,9.2,14.3,15.39569655,0.021408,12.5,l3,U96-Quadcore A53_INT4_12.50%,0.011638913395088957,INT4_U96-Quadcore A53,U96-Quadcore A53_INT4_MLP_12.5
MLP,U96-Quadcore A53,INT4,,64,,8.577,,7461.816486,,4.991955229134,97.54,,9.2,14.3,15.39360344,0.042816,12.5,l3,U96-Quadcore A53_INT4_12.50%,0.01970528231142479,INT4_U96-Quadcore A53,U96-Quadcore A53_INT4_MLP_12.5
MLP,U96-Quadcore A53,INT4,,128,,14.995999999999999,,8535.609496,,5.710322752823999,97.54,,9.2,14.3,15.39314655,0.085632,12.5,l3,U96-Quadcore A53_INT4_12.50%,0.034452654021467424,INT4_U96-Quadcore A53,U96-Quadcore A53_INT4_MLP_12.5
MLP,U96-Quadcore A53,INT2,,2,,2.5989999999999998,,769.5267411,,0.5148133897959,96.85,,9.2,14.3,15.39265701,0.001338,12.5,l3,U96-Quadcore A53_INT2_12.50%,0.005971088810469048,INT2_U96-Quadcore A53,U96-Quadcore A53_INT2_MLP_12.5
MLP,U96-Quadcore A53,INT2,,4,,2.577,,1552.1924720000002,,1.0384167637680002,96.85,,9.2,14.3,15.39391823,0.002676,12.5,l3,U96-Quadcore A53_INT2_12.50%,0.005920544772827525,INT2_U96-Quadcore A53,U96-Quadcore A53_INT2_MLP_12.5
MLP,U96-Quadcore A53,INT2,,8,,2.5660000000000003,,3117.692907,,2.0857365547830002,96.85,,9.2,14.3,15.39348382,0.005352,12.5,l3,U96-Quadcore A53_INT2_12.50%,0.005895272754006764,INT2_U96-Quadcore A53,U96-Quadcore A53_INT2_MLP_12.5
MLP,U96-Quadcore A53,INT2,,16,,3.458,,4626.951995,,3.0954308846550003,96.85,,9.2,14.3,15.396589800000001,0.010704,12.5,l3,U96-Quadcore A53_INT2_12.50%,0.007944603734744891,INT2_U96-Quadcore A53,U96-Quadcore A53_INT2_MLP_12.5
MLP,U96-Quadcore A53,INT2,,32,,5.027,,6365.625622,,4.258603541118,96.85,,9.2,14.3,15.39813193,0.021408,12.5,l3,U96-Quadcore A53_INT2_12.50%,0.011549312601088076,INT2_U96-Quadcore A53,U96-Quadcore A53_INT2_MLP_12.5
MLP,U96-Quadcore A53,INT2,,64,,8.325,,7687.687687999999,,5.143063063272,96.85,,9.2,14.3,15.397998499999998,0.042816,12.5,l3,U96-Quadcore A53_INT2_12.50%,0.019126323334803703,INT2_U96-Quadcore A53,U96-Quadcore A53_INT2_MLP_12.5
MLP,U96-Quadcore A53,INT2,,128,,15.07,,8493.696085,,5.682282680865,96.85,,9.2,14.3,15.39964125,0.085632,12.5,l3,U96-Quadcore A53_INT2_12.50%,0.034622665784443465,INT2_U96-Quadcore A53,U96-Quadcore A53_INT2_MLP_12.5
