NN_Topology,HWType,Datatype,Op mode,batch/thread/stream,lat-sys,lat-comp,fps-system,fps-comp,tp-system,tp-comp,top1,top5 [%],Base_Pwr_W,Idle_Pwr_W,Full_Pwr_W,GOPS,PruningFactor, level,hw_peak_perf,hw_bandwidth,nn_total_operations,hw_datatype_prun_net,norm-lat-comp,datatype_model,tag
CNV,NCS2,FP16,,1,3.4,1.9000400000000002,293.812,526.305,2.355983232912,4.22026927218,77.82,,0.53,1.2,1.56,0.008018676,12.5,l3,0.5,12.8,0.01,NCS2_FP16_12.50%_CNV,0.00013048713461710285,FP16_NCS2,NCS2_FP16_CNV_12.5
CNV,NCS2,FP16,,2,5.61,2.55363,356.569,783.197,2.8592112826440004,6.280202987172,77.82,,0.53,1.2,1.58,0.016037352,12.5,l3,0.5,12.8,0.01,NCS2_FP16_12.50%_CNV,0.00017537307718378157,FP16_NCS2,NCS2_FP16_CNV_12.5
CNV,NCS2,FP16,,4,10.09,3.9493099999999997,396.43199999999996,1012.84,3.178859764032,8.121635799840002,77.82,,0.53,1.2,1.59,0.032074704,12.5,l3,0.5,12.8,0.01,NCS2_FP16_12.50%_CNV,0.0002712227877385057,FP16_NCS2,NCS2_FP16_CNV_12.5
CNV,NCS2,FP16,,8,19.18,6.9200800000000005,417.17199999999997,1156.06,3.345167104272,9.27007057656,77.82,,0.53,1.2,1.59,0.064149408,12.5,l3,0.5,12.8,0.01,NCS2_FP16_12.50%_CNV,0.0004752433688349304,FP16_NCS2,NCS2_FP16_CNV_12.5
CNV,NCS2,FP16,,16,37.01,12.6046,432.293,1269.38,3.4664175040680005,10.178746940880002,77.82,,0.53,1.2,1.58,0.128298816,12.5,l3,0.5,12.8,0.01,NCS2_FP16_12.50%_CNV,0.0008656334271882352,FP16_NCS2,NCS2_FP16_CNV_12.5
CNV,NCS2,FP16,,32,72.74,23.6896,439.912,1350.8,3.527511796512,10.831627540800001,77.82,,0.53,1.2,1.58,0.256597632,12.5,l3,0.5,12.8,0.01,NCS2_FP16_12.50%_CNV,0.0016269068147119637,FP16_NCS2,NCS2_FP16_CNV_12.5
CNV,NCS2,FP16,,64,143.09,45.6772,447.278,1401.14,3.5865773639280003,11.235287690640002,77.82,,0.53,1.2,1.59,0.513195264,12.5,l3,0.5,12.8,0.01,NCS2_FP16_12.50%_CNV,0.0031369270885519937,FP16_NCS2,NCS2_FP16_CNV_12.5
CNV,NCS2,FP16,,128,284.73,89.2251,449.542,1434.57,3.604731646392,11.50335202932,77.82,,0.53,1.2,1.58,1.026390528,12.5,l3,0.5,12.8,0.01,NCS2_FP16_12.50%_CNV,0.006127622384225839,FP16_NCS2,NCS2_FP16_CNV_12.5
CNV,NCS2,FP16,,1,3.5,1.95433,285.517,511.684,8.711618185444,15.612365076688,83.28,,0.53,1.2,1.59,0.030511732,25.0,l3,0.5,12.8,0.03,NCS2_FP16_25%_CNV,0.00013421555430214238,FP16_NCS2,NCS2_FP16_CNV_25.0
CNV,NCS2,FP16,,2,5.8,2.80634,344.874,712.672,10.522703061768,21.744857067904,83.28,,0.53,1.2,1.62,0.061023464,25.0,l3,0.5,12.8,0.03,NCS2_FP16_25%_CNV,0.00019272818749150567,FP16_NCS2,NCS2_FP16_CNV_25.0
CNV,NCS2,FP16,,4,10.73,4.62598,372.73,864.682,11.37263786836,26.382945449224,83.28,,0.53,1.2,1.62,0.122046928,25.0,l3,0.5,12.8,0.03,NCS2_FP16_25%_CNV,0.00031769377223428213,FP16_NCS2,NCS2_FP16_CNV_25.0
CNV,NCS2,FP16,,8,20.31,7.97099,393.913,1003.64,12.018967887316,30.62279470448,83.28,,0.53,1.2,1.63,0.244093856,25.0,l3,0.5,12.8,0.03,NCS2_FP16_25%_CNV,0.0005474156571238398,FP16_NCS2,NCS2_FP16_CNV_25.0
CNV,NCS2,FP16,,16,39.23,14.6403,407.87300000000005,1092.87,12.444911666036,33.345356550839995,83.28,,0.53,1.2,1.64,0.488187712,25.0,l3,0.5,12.8,0.03,NCS2_FP16_25%_CNV,0.001005437147078362,FP16_NCS2,NCS2_FP16_CNV_25.0
CNV,NCS2,FP16,,32,76.52,27.921,418.16900000000004,1146.09,12.759060458708001,34.96919092788,83.28,,0.53,1.2,1.65,0.976375424,25.0,l3,0.5,12.8,0.03,NCS2_FP16_25%_CNV,0.0019175024134461002,FP16_NCS2,NCS2_FP16_CNV_25.0
CNV,NCS2,FP16,,64,151.57,53.2949,422.25,1200.87,12.883578837,36.640623606839995,83.28,,0.53,1.2,1.65,1.952750848,25.0,l3,0.5,12.8,0.03,NCS2_FP16_25%_CNV,0.0036600802039457245,FP16_NCS2,NCS2_FP16_CNV_25.0
CNV,NCS2,FP16,,128,299.8,105.63,426.94599999999997,1211.78,13.026861930471998,36.97350660296,83.28,,0.53,1.2,1.67,3.905501696,25.0,l3,0.5,12.8,0.03,NCS2_FP16_25%_CNV,0.007254245189366841,FP16_NCS2,NCS2_FP16_CNV_25.0
CNV,NCS2,FP16,,1,3.97,2.3854900000000003,251.922,419.20099999999996,29.959480228392,49.852907134835995,85.55,,0.53,1.2,1.65540087,0.118923636,50.0,l3,0.5,12.8,0.12,NCS2_FP16_50%_CNV,0.00016382589564311947,FP16_NCS2,NCS2_FP16_CNV_50.0
CNV,NCS2,FP16,,2,7.03,3.9390199999999997,284.481,507.74,33.831514892916,60.38228694264,85.55,,0.53,1.2,1.67672,0.237847272,50.0,l3,0.5,12.8,0.12,NCS2_FP16_50%_CNV,0.00027051611176578407,FP16_NCS2,NCS2_FP16_CNV_50.0
CNV,NCS2,FP16,,4,12.86,6.68938,310.97900000000004,597.9630000000001,36.982753399644004,71.11193415346801,85.55,,0.53,1.2,1.71,0.475694544,50.0,l3,0.5,12.8,0.12,NCS2_FP16_50%_CNV,0.00045939981714329984,FP16_NCS2,NCS2_FP16_CNV_50.0
CNV,NCS2,FP16,,8,24.89,12.4153,321.433,644.367,38.225981090388,76.630466558412,85.55,,0.53,1.2,1.73,0.951389088,50.0,l3,0.5,12.8,0.12,NCS2_FP16_50%_CNV,0.000852633061625922,FP16_NCS2,NCS2_FP16_CNV_50.0
CNV,NCS2,FP16,,16,47.84,23.1369,334.42800000000005,691.5369999999999,39.771393740208005,82.24009446853199,85.55,,0.53,1.2,1.75,1.902778176,50.0,l3,0.5,12.8,0.12,NCS2_FP16_50%_CNV,0.001588949593125643,FP16_NCS2,NCS2_FP16_CNV_50.0
CNV,NCS2,FP16,,32,94.62,44.7066,338.17800000000005,715.779,40.217357375208,85.123041252444,85.55,,0.53,1.2,1.77,3.805556352,50.0,l3,0.5,12.8,0.12,NCS2_FP16_50%_CNV,0.003070270169297999,FP16_NCS2,NCS2_FP16_CNV_50.0
CNV,NCS2,FP16,,64,187.07,87.2444,342.12,733.571,40.68615434832,87.23893058415601,85.55,,0.53,1.2,1.78,7.611112704,50.0,l3,0.5,12.8,0.12,NCS2_FP16_50%_CNV,0.005991595843976109,FP16_NCS2,NCS2_FP16_CNV_50.0
CNV,NCS2,FP16,,128,370.83,173.158,345.16900000000004,739.209,41.04875251448401,87.909422043924,85.55,,0.53,1.2,1.8,15.222225408,50.0,l3,0.5,12.8,0.12,NCS2_FP16_50%_CNV,0.011891797675853294,FP16_NCS2,NCS2_FP16_CNV_50.0
CNV,NCS2,FP16,,1,6.6,4.97914,151.555,200.838,71.14749475,94.2833991,87.02,,0.53,1.2,1.728796,0.46945,100.0,l3,0.5,12.8,0.47,NCS2_FP16_100%_CNV,0.0003419473860852411,FP16_NCS2,NCS2_FP16_CNV_100.0
CNV,NCS2,FP16,,2,12.29,8.93829,162.738,223.757,76.3973541,105.04272365,87.02,,0.53,1.2,1.7803,0.9389,100.0,l3,0.5,12.8,0.47,NCS2_FP16_100%_CNV,0.0006138459455994106,FP16_NCS2,NCS2_FP16_CNV_100.0
CNV,NCS2,FP16,,4,23.35,16.8473,171.28400000000002,237.426,80.40927380000001,111.45963569999999,87.02,,0.53,1.2,1.82302425,1.8778,100.0,l3,0.5,12.8,0.47,NCS2_FP16_100%_CNV,0.00115700506464849,FP16_NCS2,NCS2_FP16_CNV_100.0
CNV,NCS2,FP16,,8,45.13,31.8658,177.25900000000001,251.053,83.21423755,117.85683085,87.02,,0.53,1.2,1.86092125,3.7556,100.0,l3,0.5,12.8,0.47,NCS2_FP16_100%_CNV,0.0021884154724540936,FP16_NCS2,NCS2_FP16_CNV_100.0
CNV,NCS2,FP16,,16,88.1,61.7732,181.62099999999998,259.012,85.26197844999999,121.5931834,87.02,,0.53,1.2,1.8794594869999999,7.5112,100.0,l3,0.5,12.8,0.47,NCS2_FP16_100%_CNV,0.0042423358793126555,FP16_NCS2,NCS2_FP16_CNV_100.0
CNV,NCS2,FP16,,32,174.8,121.825,183.067,262.673,85.94080315,123.31183985,87.02,,0.53,1.2,1.903724615,15.0224,100.0,l3,0.5,12.8,0.47,NCS2_FP16_100%_CNV,0.00836645290348022,FP16_NCS2,NCS2_FP16_CNV_100.0
CNV,NCS2,FP16,,64,348.38,242.09799999999998,183.706,264.356,86.24078169999999,124.10192419999998,87.02,,0.53,1.2,1.903671053,30.0448,100.0,l3,0.5,12.8,0.47,NCS2_FP16_100%_CNV,0.016626320665107767,FP16_NCS2,NCS2_FP16_CNV_100.0
CNV,NCS2,FP16,,128,694.75,481.675,184.24,265.73900000000003,86.491468,124.75117355,87.02,,0.53,1.2,1.9110200000000002,60.0896,100.0,l3,0.5,12.8,0.47,NCS2_FP16_100%_CNV,0.03307950915069841,FP16_NCS2,NCS2_FP16_CNV_100.0
CNV,TX2-maxn,FP16,maxn,1,0.72,0.414922,1412.41,2547.18,11.325658169160002,20.42501113368,77.81,,1.8,5.7,8.3,0.008018676,12.5,l3,1.33,59.7,0.01,TX2-maxn_FP16_12.50%_CNV,2.8495180559144832e-05,FP16_TX2-maxn,TX2-maxn_FP16_CNV_12.5
CNV,TX2-maxn,FP16,maxn,2,0.93,0.43852700000000006,2164.9,5106.67,17.359631672400003,40.94873216892,77.81,,1.8,5.7,8.4,0.016037352,12.5,l3,1.33,59.7,0.01,TX2-maxn_FP16_12.50%_CNV,3.0116277384809933e-05,FP16_TX2-maxn,TX2-maxn_FP16_CNV_12.5
CNV,TX2-maxn,FP16,maxn,4,1.29,0.46173400000000003,3121.95,10037.5,25.0339055382,80.48746035,77.81,,1.8,5.7,8.8,0.032074704,12.5,l3,1.33,59.7,0.01,TX2-maxn_FP16_12.50%_CNV,3.171004116507725e-05,FP16_TX2-maxn,TX2-maxn_FP16_CNV_12.5
CNV,TX2-maxn,FP16,maxn,8,2.16,0.571328,3792.59,15138.5,30.411550410840004,121.390726626,77.81,,1.8,5.7,8.9,0.064149408,12.5,l3,1.33,59.7,0.01,TX2-maxn_FP16_12.50%_CNV,3.923651799252654e-05,FP16_TX2-maxn,TX2-maxn_FP16_CNV_12.5
CNV,TX2-maxn,FP16,maxn,16,3.79,0.812359,4284.52,21645.8,34.35617769552,173.5706569608,77.81,,1.8,5.7,8.8,0.128298816,12.5,l3,1.33,59.7,0.01,TX2-maxn_FP16_12.50%_CNV,5.5789561372610605e-05,FP16_TX2-maxn,TX2-maxn_FP16_CNV_12.5
CNV,TX2-maxn,FP16,maxn,32,7.01,1.25978,4633.48,27253.6,37.15437487248,218.5377882336,77.81,,1.8,5.7,8.8,0.256597632,12.5,l3,1.33,59.7,0.01,TX2-maxn_FP16_12.50%_CNV,8.651664304326952e-05,FP16_TX2-maxn,TX2-maxn_FP16_CNV_12.5
CNV,TX2-maxn,FP16,maxn,64,13.41,2.1211900000000004,4899.52,31458.3,39.28766343552001,252.25391521080002,77.81,,1.8,5.7,8.8,0.513195264,12.5,l3,1.33,59.7,0.01,TX2-maxn_FP16_12.50%_CNV,0.00014567483057117346,FP16_TX2-maxn,TX2-maxn_FP16_CNV_12.5
CNV,TX2-maxn,FP16,maxn,128,26.09,3.7996199999999996,5044.33,34197.2,40.44884790708,274.2162669072,77.81,,1.8,5.7,8.9,1.026390528,12.5,l3,1.33,59.7,0.01,TX2-maxn_FP16_12.50%_CNV,0.00026094267827721327,FP16_TX2-maxn,TX2-maxn_FP16_CNV_12.5
CNV,TX2-maxq,FP16,maxq,1,1.01,0.605036,965.127,1752.16,7.739040711852001,14.050003340160002,77.81,,1.8,4.15,4.0,0.008018676,12.5,l3,0.87,59.7,0.01,TX2-maxq_FP16_12.50%_CNV,4.155144838013591e-05,FP16_TX2-maxq,TX2-maxq_FP16_CNV_12.5
CNV,TX2-maxq,FP16,maxq,2,1.29,0.59849,1542.17,3480.84,12.36616156692,27.911728167840003,77.81,,1.8,4.15,4.7,0.016037352,12.5,l3,0.87,59.7,0.01,TX2-maxq_FP16_12.50%_CNV,4.1101895326935155e-05,FP16_TX2-maxq,TX2-maxq_FP16_CNV_12.5
CNV,TX2-maxq,FP16,maxq,4,1.89,0.625449,2085.54,6655.79,16.72326954504,53.37062353404001,77.81,,1.8,4.15,4.7,0.032074704,12.5,l3,0.87,59.7,0.01,TX2-maxq_FP16_12.50%_CNV,4.2953331434671036e-05,FP16_TX2-maxq,TX2-maxq_FP16_CNV_12.5
CNV,TX2-maxq,FP16,maxq,8,3.15,0.769945,2560.0,10629.4,20.527810560000002,85.2337146744,77.81,,1.8,4.15,4.9,0.064149408,12.5,l3,0.87,59.7,0.01,TX2-maxq_FP16_12.50%_CNV,5.287673778592306e-05,FP16_TX2-maxq,TX2-maxq_FP16_CNV_12.5
CNV,TX2-maxq,FP16,maxq,16,5.74,1.13608,2797.81,14520.1,22.434731899560003,116.43197738760001,77.81,,1.8,4.15,4.9,0.128298816,12.5,l3,0.87,59.7,0.01,TX2-maxq_FP16_12.50%_CNV,7.802142265204848e-05,FP16_TX2-maxq,TX2-maxq_FP16_CNV_12.5
CNV,TX2-maxq,FP16,maxq,32,10.83,1.76872,2942.53,18826.0,23.595194690280003,150.959594376,77.81,,1.8,4.15,4.8,0.256597632,12.5,l3,0.87,59.7,0.01,TX2-maxq_FP16_12.50%_CNV,0.00012146860315570311,FP16_TX2-maxq,TX2-maxq_FP16_CNV_12.5
CNV,TX2-maxq,FP16,maxq,64,21.01,3.03975,3065.87,21650.9,24.58421818812,173.6115522084,77.81,,1.8,4.15,4.8,0.513195264,12.5,l3,0.87,59.7,0.01,TX2-maxq_FP16_12.50%_CNV,0.00020875785112541757,FP16_TX2-maxq,TX2-maxq_FP16_CNV_12.5
CNV,TX2-maxq,FP16,maxq,128,41.15,5.57125,3121.95,23300.8,25.0339055382,186.8415657408,77.81,,1.8,4.15,4.7,1.026390528,12.5,l3,0.87,59.7,0.01,TX2-maxq_FP16_12.50%_CNV,0.00038261112857389013,FP16_TX2-maxq,TX2-maxq_FP16_CNV_12.5
CNV,TX2-maxp,FP16,maxp,1,0.96,0.552353,1051.33,1888.2,8.43027463908,15.1408640232,77.81,,1.8,4.7,5.7,0.008018676,12.5,l3,1.15,59.7,0.01,TX2-maxp_FP16_12.50%_CNV,3.7933391016589446e-05,FP16_TX2-maxp,TX2-maxp_FP16_CNV_12.5
CNV,TX2-maxp,FP16,maxp,2,1.29,0.5932850000000001,1590.06,3644.02,12.75017596056,29.220215717520002,77.81,,1.8,4.7,5.6,0.016037352,12.5,l3,1.15,59.7,0.01,TX2-maxp_FP16_12.50%_CNV,4.074443678096665e-05,FP16_TX2-maxp,TX2-maxp_FP16_CNV_12.5
CNV,TX2-maxp,FP16,maxp,4,1.8,0.614004,2295.96,7367.22,18.410559348960003,59.07535020072001,77.81,,1.8,4.7,5.5,0.032074704,12.5,l3,1.15,59.7,0.01,TX2-maxp_FP16_12.50%_CNV,4.2167334689501074e-05,FP16_TX2-maxp,TX2-maxp_FP16_CNV_12.5
CNV,TX2-maxp,FP16,maxp,8,2.9,0.654227,2860.34,12703.0,22.936139709840003,101.86124122800001,77.81,,1.8,4.7,5.5,0.064149408,12.5,l3,1.15,59.7,0.01,TX2-maxp_FP16_12.50%_CNV,4.4929689174513874e-05,FP16_TX2-maxp,TX2-maxp_FP16_CNV_12.5
CNV,TX2-maxp,FP16,maxp,16,5.27,0.963234,3084.34,18132.6,24.73232313384,145.3994444376,77.81,,1.8,4.7,5.9,0.128298816,12.5,l3,1.15,59.7,0.01,TX2-maxp_FP16_12.50%_CNV,6.615105188615527e-05,FP16_TX2-maxp,TX2-maxp_FP16_CNV_12.5
CNV,TX2-maxp,FP16,maxp,32,9.6,1.46628,3390.73,23181.6,27.189165273480004,185.8857395616,77.81,,1.8,4.7,6.3,0.256597632,12.5,l3,1.15,59.7,0.01,TX2-maxp_FP16_12.50%_CNV,0.00010069823569312518,FP16_TX2-maxp,TX2-maxp_FP16_CNV_12.5
CNV,TX2-maxp,FP16,maxp,64,18.36,2.44444,3555.56,27244.9,28.510883638560003,218.46802575240002,77.81,,1.8,4.7,6.4,0.513195264,12.5,l3,1.15,59.7,0.01,TX2-maxp_FP16_12.50%_CNV,0.00016787434545769084,FP16_TX2-maxp,TX2-maxp_FP16_CNV_12.5
CNV,TX2-maxp,FP16,maxp,128,36.44,4.405,3631.21,29763.1,29.117496477960003,238.6606556556,77.81,,1.8,4.7,6.3,1.026390528,12.5,l3,1.15,59.7,0.01,TX2-maxp_FP16_12.50%_CNV,0.0003025177511991001,FP16_TX2-maxp,TX2-maxp_FP16_CNV_12.5
CNV,TX2-maxn,FP16,maxn,1,0.74,0.41999,1359.89,2561.59,41.49259922948,78.15854757388,83.31,,1.8,5.7,8.6,0.030511732,25.0,l3,1.33,59.7,0.03,TX2-maxn_FP16_25%_CNV,2.8843230494009084e-05,FP16_TX2-maxn,TX2-maxn_FP16_CNV_25.0
CNV,TX2-maxn,FP16,maxn,2,0.96,0.457822,2102.67,4744.45,64.15610352444,144.7613868874,83.31,,1.8,5.7,9.3,0.061023464,25.0,l3,1.33,59.7,0.03,TX2-maxn_FP16_25%_CNV,3.14413806786548e-05,FP16_TX2-maxn,TX2-maxn_FP16_CNV_25.0
CNV,TX2-maxn,FP16,maxn,4,1.51,0.606527,2745.31,6864.56,83.76416297691999,209.44961501792002,83.31,,1.8,5.7,9.3,0.122046928,25.0,l3,1.33,59.7,0.03,TX2-maxn_FP16_25%_CNV,4.1653844286387414e-05,FP16_TX2-maxn,TX2-maxn_FP16_CNV_25.0
CNV,TX2-maxn,FP16,maxn,8,2.44,0.807133,3379.54,10554.2,103.11561876328,322.02692187440005,83.31,,1.8,5.7,8.8,0.244093856,25.0,l3,1.33,59.7,0.03,TX2-maxn_FP16_25%_CNV,5.5430660630779386e-05,FP16_TX2-maxn,TX2-maxn_FP16_CNV_25.0
CNV,TX2-maxn,FP16,maxn,16,4.22,1.18689,3878.79,14260.1,118.34860096428,435.1003494932,83.31,,1.8,5.7,9.1,0.488187712,25.0,l3,1.33,59.7,0.03,TX2-maxn_FP16_25%_CNV,8.151084987984105e-05,FP16_TX2-maxn,TX2-maxn_FP16_CNV_25.0
CNV,TX2-maxn,FP16,maxn,32,7.76,1.93172,4179.59,16810.9,127.52652994988,512.9296754788,83.31,,1.8,5.7,9.1,0.976375424,25.0,l3,1.33,59.7,0.03,TX2-maxn_FP16_25%_CNV,0.00013266279008997174,FP16_TX2-maxn,TX2-maxn_FP16_CNV_25.0
CNV,TX2-maxn,FP16,maxn,64,14.63,3.5328800000000005,4452.17,18508.5,135.84341785844,564.726391722,83.31,,1.8,5.7,9.1,1.952750848,25.0,l3,1.33,59.7,0.03,TX2-maxn_FP16_25%_CNV,0.00024262404378122058,FP16_TX2-maxn,TX2-maxn_FP16_CNV_25.0
CNV,TX2-maxn,FP16,maxn,128,28.45,6.37263,4571.43,20321.5,139.48224701676,620.044161838,83.31,,1.8,5.7,9.1,3.905501696,25.0,l3,1.33,59.7,0.03,TX2-maxn_FP16_25%_CNV,0.00043764669621428395,FP16_TX2-maxn,TX2-maxn_FP16_CNV_25.0
CNV,TX2-maxq,FP16,maxq,1,1.02,0.606093,961.502,1714.48,29.337091341464,52.31175427936,83.31,,1.8,4.15,4.5,0.030511732,25.0,l3,0.87,59.7,0.03,TX2-maxq_FP16_25%_CNV,4.1624038905225e-05,FP16_TX2-maxq,TX2-maxq_FP16_CNV_25.0
CNV,TX2-maxq,FP16,maxq,2,1.34,0.652199,1467.05,3182.81,44.7622364306,97.11304572691999,83.31,,1.8,4.15,5.4,0.061023464,25.0,l3,0.87,59.7,0.03,TX2-maxq_FP16_25%_CNV,4.47904142597734e-05,FP16_TX2-maxq,TX2-maxq_FP16_CNV_25.0
CNV,TX2-maxq,FP16,maxq,4,2.05,0.807129,1961.69,5019.24,59.85455954708,153.14570572367998,83.31,,1.8,4.15,5.4,0.122046928,25.0,l3,0.87,59.7,0.03,TX2-maxq_FP16_25%_CNV,5.5430385926805544e-05,FP16_TX2-maxq,TX2-maxq_FP16_CNV_25.0
CNV,TX2-maxq,FP16,maxq,8,3.46,1.1064100000000001,2301.12,7396.39,70.21115673983999,225.67666944748,83.31,,1.8,4.15,5.3,0.244093856,25.0,l3,0.87,59.7,0.03,TX2-maxq_FP16_25%_CNV,7.598380592603776e-05,FP16_TX2-maxq,TX2-maxq_FP16_CNV_25.0
CNV,TX2-maxq,FP16,maxq,16,6.23,1.6715200000000001,2566.42,9793.14,78.30591923944,298.80566311847997,83.31,,1.8,4.15,5.4,0.488187712,25.0,l3,0.87,59.7,0.03,TX2-maxq_FP16_25%_CNV,0.000114793296591219,FP16_TX2-maxq,TX2-maxq_FP16_CNV_25.0
CNV,TX2-maxq,FP16,maxq,32,11.99,2.96903,2659.74,11860.8,81.15327406968,361.89355090559997,83.31,,1.8,4.15,5.4,0.976375424,25.0,l3,0.87,59.7,0.03,TX2-maxq_FP16_25%_CNV,0.00020390108486780114,FP16_TX2-maxq,TX2-maxq_FP16_CNV_25.0
CNV,TX2-maxq,FP16,maxq,64,22.79,5.194369999999999,2797.81,13017.4,85.36602890692,397.1834201368,83.31,,1.8,4.15,5.3,1.952750848,25.0,l3,0.87,59.7,0.03,TX2-maxq_FP16_25%_CNV,0.00035672852015801795,FP16_TX2-maxq,TX2-maxq_FP16_CNV_25.0
CNV,TX2-maxq,FP16,maxq,128,44.73,9.57863,2876.4,13507.3,87.7639459248,412.13111764359996,83.31,,1.8,4.15,5.3,3.905501696,25.0,l3,0.87,59.7,0.03,TX2-maxq_FP16_25%_CNV,0.0006578219312527209,FP16_TX2-maxq,TX2-maxq_FP16_CNV_25.0
CNV,TX2-maxp,FP16,maxp,1,1,0.571742,1025.03,1869.41,31.27544065196,57.03893691812,83.31,,1.8,4.7,6.3,0.030511732,25.0,l3,1.15,59.7,0.03,TX2-maxp_FP16_25%_CNV,3.926494985381971e-05,FP16_TX2-maxp,TX2-maxp_FP16_CNV_25.0
CNV,TX2-maxp,FP16,maxp,2,1.32,0.627033,1542.17,3449.15,47.05427773844,105.23954042780001,83.31,,1.8,4.7,6.2,0.061023464,25.0,l3,1.15,59.7,0.03,TX2-maxp_FP16_25%_CNV,4.306211420831448e-05,FP16_TX2-maxp,TX2-maxp_FP16_CNV_25.0
CNV,TX2-maxp,FP16,maxp,4,1.89,0.709281,2133.33,5862.89,65.09159322756,178.88692842548002,83.31,,1.8,4.7,6.8,0.122046928,25.0,l3,1.15,59.7,0.03,TX2-maxp_FP16_25%_CNV,4.871057731855821e-05,FP16_TX2-maxp,TX2-maxp_FP16_CNV_25.0
CNV,TX2-maxp,FP16,maxp,8,3.24,0.9314450000000001,2534.65,9056.34,77.3365615138,276.32461898088,83.31,,1.8,4.7,6.9,0.244093856,25.0,l3,1.15,59.7,0.03,TX2-maxp_FP16_25%_CNV,6.396791072999903e-05,FP16_TX2-maxp,TX2-maxp_FP16_CNV_25.0
CNV,TX2-maxp,FP16,maxp,16,5.67,1.4019700000000002,2813.19,12232.4,85.83529934508,373.2317105168,83.31,,1.8,4.7,7.0,0.488187712,25.0,l3,1.15,59.7,0.03,TX2-maxp_FP16_25%_CNV,9.62816825535987e-05,FP16_TX2-maxp,TX2-maxp_FP16_CNV_25.0
CNV,TX2-maxp,FP16,maxp,32,10.51,2.36591,3084.34,14952.4,94.10855547688,456.22362155679997,83.31,,1.8,4.7,6.9,0.976375424,25.0,l3,1.15,59.7,0.03,TX2-maxp_FP16_25%_CNV,0.00016248121969113797,FP16_TX2-maxp,TX2-maxp_FP16_CNV_25.0
CNV,TX2-maxp,FP16,maxp,64,19.95,4.12869,3230.28,16486.9,98.56143764496001,503.04387431080005,83.31,,1.8,4.7,6.9,1.952750848,25.0,l3,1.15,59.7,0.03,TX2-maxp_FP16_25%_CNV,0.00028354188744567814,FP16_TX2-maxp,TX2-maxp_FP16_CNV_25.0
CNV,TX2-maxp,FP16,maxp,128,38.9,7.45937,3335.5,17483.4,101.771882086,533.4488152488001,83.31,,1.8,4.7,7.0,3.905501696,25.0,l3,1.15,59.7,0.03,TX2-maxp_FP16_25%_CNV,0.0005122796453489286,FP16_TX2-maxp,TX2-maxp_FP16_CNV_25.0
CNV,TX2-maxn,FP16,maxn,1,0.87,0.526068,1164.96,1953.65,138.54127899456,232.3351614714,85.57,,1.8,5.7,9.2,0.118923636,50.0,l3,1.33,59.7,0.12,TX2-maxn_FP16_50%_CNV,3.61282425284468e-05,FP16_TX2-maxn,TX2-maxn_FP16_CNV_50.0
CNV,TX2-maxn,FP16,maxn,2,1.3,0.754633,1546.83,2721.23,183.95464787388,323.61856599228,85.57,,1.8,5.7,10.8,0.237847272,50.0,l3,1.33,59.7,0.12,TX2-maxn_FP16_50%_CNV,5.182517097403643e-05,FP16_TX2-maxn,TX2-maxn_FP16_CNV_50.0
CNV,TX2-maxn,FP16,maxn,4,2.06,1.1304299999999998,1988.35,3619.86,236.4618116406,430.48691301096,85.57,,1.8,5.7,11.4,0.475694544,50.0,l3,1.33,59.7,0.12,TX2-maxn_FP16_50%_CNV,7.763340328898946e-05,FP16_TX2-maxn,TX2-maxn_FP16_CNV_50.0
CNV,TX2-maxn,FP16,maxn,8,3.43,1.6481700000000001,2403.76,5038.77,285.86387927136,599.22884936772,85.57,,1.8,5.7,11.4,0.951389088,50.0,l3,1.33,59.7,0.12,TX2-maxn_FP16_50%_CNV,0.00011318971214388666,FP16_TX2-maxn,TX2-maxn_FP16_CNV_50.0
CNV,TX2-maxn,FP16,maxn,16,5.88,2.65367,2687.66,6130.75,319.62629953175997,729.091081407,85.57,,1.8,5.7,11.1,1.902778176,50.0,l3,1.33,59.7,0.12,TX2-maxn_FP16_50%_CNV,0.00018224342356969712,FP16_TX2-maxn,TX2-maxn_FP16_CNV_50.0
CNV,TX2-maxn,FP16,maxn,32,11.04,4.84213,2892.66,6930.86,344.00564491176,824.24307180696,85.57,,1.8,5.7,11.3,3.805556352,50.0,l3,1.33,59.7,0.12,TX2-maxn_FP16_50%_CNV,0.00033253808822104387,FP16_TX2-maxn,TX2-maxn_FP16_CNV_50.0
CNV,TX2-maxn,FP16,maxn,64,20.87,8.82906,3103.03,7445.22,369.02361021708003,885.41263321992,85.57,,1.8,5.7,11.2,7.611112704,50.0,l3,1.33,59.7,0.12,TX2-maxn_FP16_50%_CNV,0.0006063444668335814,FP16_TX2-maxn,TX2-maxn_FP16_CNV_50.0
CNV,TX2-maxn,FP16,maxn,128,40.01,16.883,3240.51,7707.19,385.37323169436,916.56705814284,85.57,,1.8,5.7,11.1,15.222225408,50.0,l3,1.33,59.7,0.12,TX2-maxn_FP16_50%_CNV,0.001159456797615075,FP16_TX2-maxn,TX2-maxn_FP16_CNV_50.0
CNV,TX2-maxq,FP16,maxq,1,1.14,0.720306,872.975,1399.45,103.81736113710001,166.4276824002,85.57,,1.8,4.15,5.5,0.118923636,50.0,l3,0.87,59.7,0.12,TX2-maxq_FP16_50%_CNV,4.9467730146474226e-05,FP16_TX2-maxq,TX2-maxq_FP16_CNV_50.0
CNV,TX2-maxq,FP16,maxq,2,1.76,1.0523200000000001,1136.52,1916.68,135.15909078672,227.93855464848,85.57,,1.8,4.15,6.3,0.237847272,50.0,l3,0.87,59.7,0.12,TX2-maxq_FP16_50%_CNV,7.226912143969057e-05,FP16_TX2-maxq,TX2-maxq_FP16_CNV_50.0
CNV,TX2-maxq,FP16,maxq,4,2.89,1.60676,1383.78,2499.54,164.56414902408,297.25438512744,85.57,,1.8,4.15,6.2,0.475694544,50.0,l3,0.87,59.7,0.12,TX2-maxq_FP16_50%_CNV,0.00011034583925463473,FP16_TX2-maxq,TX2-maxq_FP16_CNV_50.0
CNV,TX2-maxq,FP16,maxq,8,4.72,2.35426,1698.18,3408.55,201.95374018248,405.3571594878,85.57,,1.8,4.15,6.2,0.951389088,50.0,l3,0.87,59.7,0.12,TX2-maxq_FP16_50%_CNV,0.00016168114436730834,FP16_TX2-maxq,TX2-maxq_FP16_CNV_50.0
CNV,TX2-maxq,FP16,maxq,16,8.45,3.8497,1892.79,4150.24,225.09746898443998,493.56163107263995,85.57,,1.8,4.15,6.3,1.902778176,50.0,l3,0.87,59.7,0.12,TX2-maxq_FP16_50%_CNV,0.00026438197202977877,FP16_TX2-maxq,TX2-maxq_FP16_CNV_50.0
CNV,TX2-maxq,FP16,maxq,32,16.15,7.10959,1973.03,4657.04,234.63990153708,553.83212979744,85.57,,1.8,4.15,6.3,3.805556352,50.0,l3,0.87,59.7,0.12,TX2-maxq_FP16_50%_CNV,0.0004882581563558705,FP16_TX2-maxq,TX2-maxq_FP16_CNV_50.0
CNV,TX2-maxq,FP16,maxq,64,31,13.1864,2068.69,5004.08,246.01613655684,595.10338843488,85.57,,1.8,4.15,6.3,7.611112704,50.0,l3,0.87,59.7,0.12,TX2-maxq_FP16_50%_CNV,0.0009055891201842936,FP16_TX2-maxq,TX2-maxq_FP16_CNV_50.0
CNV,TX2-maxq,FP16,maxq,128,60.7,24.8197,2115.7,5110.47,251.6067366852,607.75567406892,85.57,,1.8,4.15,6.3,15.222225408,50.0,l3,0.87,59.7,0.12,TX2-maxq_FP16_50%_CNV,0.001704517554923111,FP16_TX2-maxq,TX2-maxq_FP16_CNV_50.0
CNV,TX2-maxp,FP16,maxp,1,1.03,0.608011,965.127,1740.87,114.77641204177199,207.03059020331997,85.57,,1.8,4.7,7.8,0.118923636,50.0,l3,1.15,59.7,0.12,TX2-maxp_FP16_50%_CNV,4.175575946068468e-05,FP16_TX2-maxp,TX2-maxp_FP16_CNV_50.0
CNV,TX2-maxp,FP16,maxp,2,1.58,0.862916,1272.05,2359.87,151.27681117379998,280.64432088731996,85.57,,1.8,4.7,7.7,0.237847272,50.0,l3,1.15,59.7,0.12,TX2-maxp_FP16_50%_CNV,5.9261613574057346e-05,FP16_TX2-maxp,TX2-maxp_FP16_CNV_50.0
CNV,TX2-maxp,FP16,maxp,4,2.63,1.31284,1568.15,3121.11,186.49009979340002,371.17374955596,85.57,,1.8,4.7,8.4,0.475694544,50.0,l3,1.15,59.7,0.12,TX2-maxp_FP16_50%_CNV,9.016059125635108e-05,FP16_TX2-maxp,TX2-maxp_FP16_CNV_50.0
CNV,TX2-maxp,FP16,maxp,8,4.22,1.8905299999999998,1906.89,4365.68,226.77429225204,519.18253921248,85.57,,1.8,4.7,8.4,0.951389088,50.0,l3,1.15,59.7,0.12,TX2-maxp_FP16_50%_CNV,0.0001298340259192814,FP16_TX2-maxp,TX2-maxp_FP16_CNV_50.0
CNV,TX2-maxp,FP16,maxp,16,7.57,3.09003,2155.79,5392.77,256.37438525244,641.32781651172,85.57,,1.8,4.7,7.6,1.902778176,50.0,l3,1.15,59.7,0.12,TX2-maxp_FP16_50%_CNV,0.00021221088007667538,FP16_TX2-maxp,TX2-maxp_FP16_CNV_50.0
CNV,TX2-maxp,FP16,maxp,32,13.75,5.44719,2316.74,6025.16,275.51514446664,716.53393468176,85.57,,1.8,4.7,7.5,3.805556352,50.0,l3,1.15,59.7,0.12,TX2-maxp_FP16_50%_CNV,0.00037409118482502286,FP16_TX2-maxp,TX2-maxp_FP16_CNV_50.0
CNV,TX2-maxp,FP16,maxp,64,26.79,10.1511,2432.3,6478.43,289.2579598428,770.43845117148,85.57,,1.8,4.7,7.5,7.611112704,50.0,l3,1.15,59.7,0.12,TX2-maxp_FP16_50%_CNV,0.0006971368772297808,FP16_TX2-maxp,TX2-maxp_FP16_CNV_50.0
CNV,TX2-maxp,FP16,maxp,128,51.16,19.2563,2528.4,6618.15,300.6865212624,787.0544615934,85.57,,1.8,4.7,8.4,15.222225408,50.0,l3,1.15,59.7,0.12,TX2-maxp_FP16_50%_CNV,0.0013224455328978955,FP16_TX2-maxp,TX2-maxp_FP16_CNV_50.0
CNV,TX2-maxn,FP16,maxn,1,1.49,1.12055,681.758,906.3989999999999,320.0512931,425.5090105499999,87.06,,1.8,5.7,11.8,0.46945,100.0,l3,1.33,59.7,0.47,TX2-maxn_FP16_100%_CNV,7.695488447358718e-05,FP16_TX2-maxn,TX2-maxn_FP16_CNV_100.0
CNV,TX2-maxn,FP16,maxn,2,2.45,1.82371,818.545,1120.55,384.26595024999995,526.0421974999999,87.06,,1.8,5.7,13.6,0.9389,100.0,l3,1.33,59.7,0.47,TX2-maxn_FP16_100%_CNV,0.00012524509603616587,FP16_TX2-maxn,TX2-maxn_FP16_CNV_100.0
CNV,TX2-maxn,FP16,maxn,4,3.86,2.9988599999999996,1057.85,1339.58,496.60768249999995,628.865831,87.06,,1.8,5.7,13.6,1.8778,100.0,l3,1.33,59.7,0.47,TX2-maxn_FP16_100%_CNV,0.00020594968975276573,FP16_TX2-maxn,TX2-maxn_FP16_CNV_100.0
CNV,TX2-maxn,FP16,maxn,8,6.37,4.77356,1276.81,1687.24,599.3984545,792.0748179999999,87.06,,1.8,5.7,14.4,3.7556,100.0,l3,1.33,59.7,0.47,TX2-maxn_FP16_100%_CNV,0.00032782897534937023,FP16_TX2-maxn,TX2-maxn_FP16_CNV_100.0
CNV,TX2-maxn,FP16,maxn,16,11.52,8.36053,1422.22,1924.11,667.661179,903.2734394999999,87.06,,1.8,5.7,14.4,7.5112,100.0,l3,1.33,59.7,0.47,TX2-maxn_FP16_100%_CNV,0.000574167703616938,FP16_TX2-maxn,TX2-maxn_FP16_CNV_100.0
CNV,TX2-maxn,FP16,maxn,32,21.5,15.4095,1512.56,2110.74,710.071292,990.8868929999999,87.06,,1.8,5.7,14.4,15.0224,100.0,l3,1.33,59.7,0.47,TX2-maxn_FP16_100%_CNV,0.001058262721249156,FP16_TX2-maxn,TX2-maxn_FP16_CNV_100.0
CNV,TX2-maxn,FP16,maxn,64,41.53,29.4187,1572.96,2191.58,738.426072,1028.837231,87.06,,1.8,5.7,14.3,30.0448,100.0,l3,1.33,59.7,0.47,TX2-maxn_FP16_100%_CNV,0.0020203584488537943,FP16_TX2-maxn,TX2-maxn_FP16_CNV_100.0
CNV,TX2-maxn,FP16,maxn,128,83.61,57.4736,1549.17,2231.14,727.2578565,1047.408673,87.06,,1.8,5.7,14.8,60.0896,100.0,l3,1.33,59.7,0.47,TX2-maxn_FP16_100%_CNV,0.0039470565778244255,FP16_TX2-maxn,TX2-maxn_FP16_CNV_100.0
CNV,TX2-maxq,FP16,maxq,1,2,1.58556,498.05400000000003,630.839,233.8114503,296.14736855,87.06,,1.8,4.15,8.1,0.46945,100.0,l3,0.87,59.7,0.47,TX2-maxq_FP16_100%_CNV,0.0001088899081932452,FP16_TX2-maxq,TX2-maxq_FP16_CNV_100.0
CNV,TX2-maxq,FP16,maxq,2,3.28,2.5729599999999997,609.161,778.398,285.97063145,365.4189411,87.06,,1.8,4.15,8.2,0.9389,100.0,l3,0.87,59.7,0.47,TX2-maxq_FP16_100%_CNV,0.0001767005841373976,FP16_TX2-maxq,TX2-maxq_FP16_CNV_100.0
CNV,TX2-maxq,FP16,maxq,4,5.72,4.45204,697.073,902.701,327.24091984999995,423.77298444999997,87.06,,1.8,4.15,8.4,1.8778,100.0,l3,0.87,59.7,0.47,TX2-maxq_FP16_100%_CNV,0.00030574826993154175,FP16_TX2-maxq,TX2-maxq_FP16_CNV_100.0
CNV,TX2-maxq,FP16,maxq,8,9.47,7.052969999999999,849.0880000000001,1140.85,398.6043616,535.5720325,87.06,,1.8,4.15,8.3,3.7556,100.0,l3,0.87,59.7,0.47,TX2-maxq_FP16_100%_CNV,0.000484369721606065,FP16_TX2-maxq,TX2-maxq_FP16_CNV_100.0
CNV,TX2-maxq,FP16,maxq,16,17.09,12.4309,937.7289999999999,1307.5,440.21687904999993,613.805875,87.06,,1.8,4.15,8.4,7.5112,100.0,l3,0.87,59.7,0.47,TX2-maxq_FP16_100%_CNV,0.0008537044071239257,FP16_TX2-maxq,TX2-maxq_FP16_CNV_100.0
CNV,TX2-maxq,FP16,maxq,32,31.71,22.6396,1001.96,1429.55,470.370122,671.1022475,87.06,,1.8,4.15,8.4,15.0224,100.0,l3,0.87,59.7,0.47,TX2-maxq_FP16_100%_CNV,0.0015547970215771046,FP16_TX2-maxq,TX2-maxq_FP16_CNV_100.0
CNV,TX2-maxq,FP16,maxq,64,61.16,43.1733,1045.97,1484.9,491.0306165,697.086305,87.06,,1.8,4.15,8.4,30.0448,100.0,l3,0.87,59.7,0.47,TX2-maxq_FP16_100%_CNV,0.002964969268523066,FP16_TX2-maxq,TX2-maxq_FP16_CNV_100.0
CNV,TX2-maxq,FP16,maxq,128,120.57,84.0403,1063.34,1520.04,499.1849629999999,713.582778,87.06,,1.8,4.15,8.3,60.0896,100.0,l3,0.87,59.7,0.47,TX2-maxq_FP16_100%_CNV,0.00577155109332525,FP16_TX2-maxq,TX2-maxq_FP16_CNV_100.0
CNV,TX2-maxp,FP16,maxp,1,1.78,1.3044,567.942,785.6389999999999,266.6203719,368.81822854999996,87.06,,1.8,4.7,10.3,0.46945,100.0,l3,1.15,59.7,0.47,TX2-maxp_FP16_100%_CNV,8.958096587153373e-05,FP16_TX2-maxp,TX2-maxp_FP16_CNV_100.0
CNV,TX2-maxp,FP16,maxp,2,2.89,2.0865,695.18,976.935,326.35225099999997,458.6221357499999,87.06,,1.8,4.7,10.4,0.9389,100.0,l3,1.15,59.7,0.47,TX2-maxp_FP16_100%_CNV,0.0001432924603579846,FP16_TX2-maxp,TX2-maxp_FP16_CNV_100.0
CNV,TX2-maxp,FP16,maxp,4,4.68,3.46883,867.797,1153.66,407.38730165,541.585687,87.06,,1.8,4.7,10.1,1.8778,100.0,l3,1.15,59.7,0.47,TX2-maxp_FP16_100%_CNV,0.00023822534639999414,FP16_TX2-maxp,TX2-maxp_FP16_CNV_100.0
CNV,TX2-maxp,FP16,maxp,8,7.78,5.500290000000001,1048.11,1454.76,492.03523949999993,682.9370819999999,87.06,,1.8,4.7,10.9,3.7556,100.0,l3,1.15,59.7,0.47,TX2-maxp_FP16_100%_CNV,0.0003777378800778429,FP16_TX2-maxp,TX2-maxp_FP16_CNV_100.0
CNV,TX2-maxp,FP16,maxp,16,14.14,9.843110000000001,1149.27,1666.98,539.5248015,782.563761,87.06,,1.8,4.7,10.9,7.5112,100.0,l3,1.15,59.7,0.47,TX2-maxp_FP16_100%_CNV,0.0006759853580034901,FP16_TX2-maxp,TX2-maxp_FP16_CNV_100.0
CNV,TX2-maxp,FP16,maxp,32,26.19,17.6312,1232.25,1831.75,578.4797625,859.9150374999999,87.06,,1.8,4.7,10.9,15.0224,100.0,l3,1.15,59.7,0.47,TX2-maxp_FP16_100%_CNV,0.001210840175923172,FP16_TX2-maxp,TX2-maxp_FP16_CNV_100.0
CNV,TX2-maxp,FP16,maxp,64,50.4,33.6549,1286.43,1909.28,603.9145635,896.3114959999999,87.06,,1.8,4.7,10.9,30.0448,100.0,l3,1.15,59.7,0.47,TX2-maxp_FP16_100%_CNV,0.0023112836923565474,FP16_TX2-maxp,TX2-maxp_FP16_CNV_100.0
CNV,TX2-maxp,FP16,maxp,128,101.61,66.3648,1302.8,1939.6,611.5994599999999,910.54522,87.06,,1.8,4.7,10.8,60.0896,100.0,l3,1.15,59.7,0.47,TX2-maxp_FP16_100%_CNV,0.004557668570891722,FP16_TX2-maxp,TX2-maxp_FP16_CNV_100.0
CNV,TX2-maxn,FP32,maxn,1,0.69,0.377367,1454.55,2845.08,11.6635651758,22.81377471408,77.84,,1.8,5.7,8.0,0.008018676,12.5,l3,0.67,59.7,0.01,TX2-maxn_FP32_12.50%_CNV,2.5916053624688034e-05,FP32_TX2-maxn,TX2-maxn_FP32_CNV_12.5
CNV,TX2-maxn,FP32,maxn,2,0.91,0.398443,2270.51,5534.27,18.206484044760003,44.37751802652001,77.84,,1.8,5.7,8.6,0.016037352,12.5,l3,0.67,59.7,0.01,TX2-maxn_FP32_12.50%_CNV,2.7363468862888312e-05,FP32_TX2-maxn,TX2-maxn_FP32_CNV_12.5
CNV,TX2-maxn,FP32,maxn,4,1.29,0.43977299999999997,3150.77,9017.97,25.26500378052,72.31217960772,77.84,,1.8,5.7,9.1,0.032074704,12.5,l3,0.67,59.7,0.01,TX2-maxn_FP32_12.50%_CNV,3.0201847672663295e-05,FP32_TX2-maxn,TX2-maxn_FP32_CNV_12.5
CNV,TX2-maxn,FP32,maxn,8,2.26,0.665305,3592.98,12436.2,28.810942494480003,99.72185847120001,77.84,,1.8,5.7,9.1,0.064149408,12.5,l3,0.67,59.7,0.01,TX2-maxn_FP32_12.50%_CNV,4.569048183008337e-05,FP32_TX2-maxn,TX2-maxn_FP32_CNV_12.5
CNV,TX2-maxn,FP32,maxn,16,4.16,1.02516,4079.68,16528.4,32.71363210368,132.53588439840001,77.84,,1.8,5.7,9.3,0.128298816,12.5,l3,0.67,59.7,0.01,TX2-maxn_FP32_12.50%_CNV,7.040388145726888e-05,FP32_TX2-maxn,TX2-maxn_FP32_CNV_12.5
CNV,TX2-maxn,FP32,maxn,32,7.6,1.67403,4394.85,19868.8,35.2408782186,159.3214697088,77.84,,1.8,5.7,9.3,0.256597632,12.5,l3,0.67,59.7,0.01,TX2-maxn_FP32_12.50%_CNV,0.00011496567333480804,FP32_TX2-maxn,TX2-maxn_FP32_CNV_12.5
CNV,TX2-maxn,FP32,maxn,64,14.56,3.13944,4571.43,22136.2,36.656816026680005,177.50301567120002,77.84,,1.8,5.7,8.9,0.513195264,12.5,l3,0.67,59.7,0.01,TX2-maxn_FP32_12.50%_CNV,0.00021560416091362148,FP32_TX2-maxn,TX2-maxn_FP32_CNV_12.5
CNV,TX2-maxn,FP32,maxn,128,27.93,5.59462,4740.74,23411.6,38.01445806024,187.7300350416,77.84,,1.8,5.7,9.3,1.026390528,12.5,l3,0.67,59.7,0.01,TX2-maxn_FP32_12.50%_CNV,0.0003842160865410917,FP32_TX2-maxn,TX2-maxn_FP32_CNV_12.5
CNV,TX2-maxq,FP32,maxq,1,0.94,0.533478,1052.42,1954.94,8.439014995920001,15.676030459440002,77.84,,1.8,4.15,4.7,0.008018676,12.5,l3,0.44,59.7,0.01,TX2-maxq_FP32_12.50%_CNV,3.6637131639998525e-05,FP32_TX2-maxq,TX2-maxq_FP32_CNV_12.5
CNV,TX2-maxq,FP32,maxq,2,1.26,0.567738,1582.69,3666.6,12.69107831844,29.401277421600003,77.84,,1.8,4.15,4.9,0.016037352,12.5,l3,0.44,59.7,0.01,TX2-maxq_FP32_12.50%_CNV,3.898997117599879e-05,FP32_TX2-maxq,TX2-maxq_FP32_CNV_12.5
CNV,TX2-maxq,FP32,maxq,4,1.89,0.620289,2133.33,6496.76,17.106482071080002,52.095413489760006,77.84,,1.8,4.15,4.6,0.032074704,12.5,l3,0.44,59.7,0.01,TX2-maxq_FP32_12.50%_CNV,4.2598963308408296e-05,FP32_TX2-maxq,TX2-maxq_FP32_CNV_12.5
CNV,TX2-maxq,FP32,maxq,8,3.29,0.925227,2443.91,8542.66,19.596922463160002,68.50082271816001,77.84,,1.8,4.15,4.5,0.064149408,12.5,l3,0.44,59.7,0.01,TX2-maxq_FP32_12.50%_CNV,6.354088340265374e-05,FP32_TX2-maxq,TX2-maxq_FP32_CNV_12.5
CNV,TX2-maxq,FP32,maxq,16,5.99,1.42486,2666.67,11441.6,21.383162728920002,91.74648332160001,77.84,,1.8,4.15,4.5,0.128298816,12.5,l3,0.44,59.7,0.01,TX2-maxq_FP32_12.50%_CNV,9.785367604393863e-05,FP32_TX2-maxq,TX2-maxq_FP32_CNV_12.5
CNV,TX2-maxq,FP32,maxq,32,11.63,2.58347,2737.97,13338.9,21.95489432772,106.9603172964,77.84,,1.8,4.15,4.6,0.256597632,12.5,l3,0.44,59.7,0.01,TX2-maxq_FP32_12.50%_CNV,0.0001774223688286808,FP32_TX2-maxq,TX2-maxq_FP32_CNV_12.5
CNV,TX2-maxq,FP32,maxq,64,22.29,4.273,2892.66,15233.8,23.19530331816,122.1549064488,77.84,,1.8,4.15,4.7,0.513195264,12.5,l3,0.44,59.7,0.01,TX2-maxq_FP32_12.50%_CNV,0.00029345252006214627,FP32_TX2-maxq,TX2-maxq_FP32_CNV_12.5
CNV,TX2-maxq,FP32,maxq,128,43.47,8.04438,2959.54,16053.2,23.73159236904,128.7254095632,77.84,,1.8,4.15,4.8,1.026390528,12.5,l3,0.44,59.7,0.01,TX2-maxq_FP32_12.50%_CNV,0.0005524557882839991,FP32_TX2-maxq,TX2-maxq_FP32_CNV_12.5
CNV,TX2-maxp,FP32,maxp,1,0.95,0.508646,1116.68,2095.26,8.95429511568,16.80121107576,77.84,,1.8,4.7,5.5,0.008018676,12.5,l3,0.57,59.7,0.01,TX2-maxp_FP32_12.50%_CNV,3.493176937035584e-05,FP32_TX2-maxp,TX2-maxp_FP32_CNV_12.5
CNV,TX2-maxp,FP32,maxp,2,1.2,0.526775,1706.67,4135.7,13.685233768920002,33.1628383332,77.84,,1.8,4.7,6.3,0.016037352,12.5,l3,0.57,59.7,0.01,TX2-maxp_FP32_12.50%_CNV,3.617679645582427e-05,FP32_TX2-maxp,TX2-maxp_FP32_CNV_12.5
CNV,TX2-maxp,FP32,maxp,4,1.7,0.537918,2386.95,8205.26,19.1401786782,65.79532143576,77.84,,1.8,4.7,6.9,0.032074704,12.5,l3,0.57,59.7,0.01,TX2-maxp_FP32_12.50%_CNV,3.694205305096878e-05,FP32_TX2-maxp,TX2-maxp_FP32_CNV_12.5
CNV,TX2-maxp,FP32,maxp,8,3.01,0.781062,2737.97,10589.7,21.95489432772,84.91537323720001,77.84,,1.8,4.7,6.8,0.064149408,12.5,l3,0.57,59.7,0.01,TX2-maxp_FP32_12.50%_CNV,5.364020880523757e-05,FP32_TX2-maxp,TX2-maxp_FP32_CNV_12.5
CNV,TX2-maxp,FP32,maxp,16,5.41,1.14841,3065.87,14488.2,24.58421818812,116.17618162320001,77.84,,1.8,4.7,6.2,0.128298816,12.5,l3,0.57,59.7,0.01,TX2-maxp_FP32_12.50%_CNV,7.886819765143212e-05,FP32_TX2-maxp,TX2-maxp_FP32_CNV_12.5
CNV,TX2-maxp,FP32,maxp,32,10.26,2.17781,3210.03,16511.9,25.740190520280002,132.40357624440003,77.84,,1.8,4.7,6.3,0.256597632,12.5,l3,0.57,59.7,0.01,TX2-maxp_FP32_12.50%_CNV,0.0001495632653209789,FP32_TX2-maxp,TX2-maxp_FP32_CNV_12.5
CNV,TX2-maxp,FP32,maxp,64,19.36,3.6061900000000002,3368.42,18975.3,27.010268611920004,152.1567827028,77.84,,1.8,4.7,6.2,0.513195264,12.5,l3,0.57,59.7,0.01,TX2-maxp_FP32_12.50%_CNV,0.000247658680861903,FP32_TX2-maxp,TX2-maxp_FP32_CNV_12.5
CNV,TX2-maxp,FP32,maxp,128,38.41,6.471,3471.19,20283.3,27.83434794444,162.64521091080002,77.84,,1.8,4.7,6.1,1.026390528,12.5,l3,0.57,59.7,0.01,TX2-maxp_FP32_12.50%_CNV,0.0004444023536911184,FP32_TX2-maxp,TX2-maxp_FP32_CNV_12.5
CNV,TX2-maxn,FP32,maxn,1,0.67,0.369688,1497.08,2898.05,45.67850374256,88.4245249226,83.25,,1.8,5.7,9.7,0.030511732,25.0,l3,0.67,59.7,0.03,TX2-maxn_FP32_25%_CNV,2.5388690670895098e-05,FP32_TX2-maxn,TX2-maxn_FP32_CNV_25.0
CNV,TX2-maxn,FP32,maxn,2,1.01,0.5054529999999999,1996.1,3985.77,60.90446824519999,121.61274605364,83.25,,1.8,5.7,9.5,0.061023464,25.0,l3,0.67,59.7,0.03,TX2-maxn_FP32_25%_CNV,3.4712486923232396e-05,FP32_TX2-maxn,TX2-maxn_FP32_CNV_25.0
CNV,TX2-maxn,FP32,maxn,4,1.63,0.789125,2443.91,5151.04,74.56792695211999,157.16715200128,83.25,,1.8,5.7,10.4,0.122046928,25.0,l3,0.67,59.7,0.03,TX2-maxn_FP32_25%_CNV,5.419394334051982e-05,FP32_TX2-maxn,TX2-maxn_FP32_CNV_25.0
CNV,TX2-maxn,FP32,maxn,8,2.7,1.11029,3020.65,7464.43,92.16526326580001,227.75268769276002,83.25,,1.8,5.7,10.4,0.244093856,25.0,l3,0.67,59.7,0.03,TX2-maxn_FP32_25%_CNV,7.625026878066942e-05,FP32_TX2-maxn,TX2-maxn_FP32_CNV_25.0
CNV,TX2-maxn,FP32,maxn,16,4.94,1.71164,3482.99,9552.86,106.27205743868,291.47430415352,83.25,,1.8,5.7,10.0,0.488187712,25.0,l3,0.67,59.7,0.03,TX2-maxn_FP32_25%_CNV,0.00011754857744890524,FP32_TX2-maxn,TX2-maxn_FP32_CNV_25.0
CNV,TX2-maxn,FP32,maxn,32,8.91,3.05075,3644.13,11378.4,111.18871793316,347.1746913888,83.25,,1.8,5.7,10.2,0.976375424,25.0,l3,0.67,59.7,0.03,TX2-maxn_FP32_25%_CNV,0.00020951328705349703,FP32_TX2-maxn,TX2-maxn_FP32_CNV_25.0
CNV,TX2-maxn,FP32,maxn,64,16.83,5.5285,3908.4,12100.3,119.2520533488,369.20111071959997,83.25,,1.8,5.7,10.0,1.952750848,25.0,l3,0.67,59.7,0.03,TX2-maxn_FP32_25%_CNV,0.00037967522985339944,FP32_TX2-maxn,TX2-maxn_FP32_CNV_25.0
CNV,TX2-maxn,FP32,maxn,128,32.07,9.92225,4047.43,12971.1,123.49409944876,395.7707269452,83.25,,1.8,5.7,10.9,3.905501696,25.0,l3,0.67,59.7,0.03,TX2-maxn_FP32_25%_CNV,0.0006814203761260545,FP32_TX2-maxn,TX2-maxn_FP32_CNV_25.0
CNV,TX2-maxq,FP32,maxq,1,0.97,0.572328,978.967,1819.13,29.869978740844,55.504807033160006,83.25,,1.8,4.15,5.1,0.030511732,25.0,l3,0.44,59.7,0.03,TX2-maxq_FP32_25%_CNV,3.930519398598831e-05,FP32_TX2-maxq,TX2-maxq_FP32_CNV_25.0
CNV,TX2-maxq,FP32,maxq,2,1.36,0.6810390000000001,1462.86,2932.92,44.63439227352,89.48846901744,83.25,,1.8,4.15,5.9,0.061023464,25.0,l3,0.44,59.7,0.03,TX2-maxq_FP32_25%_CNV,4.6771029911210874e-05,FP32_TX2-maxq,TX2-maxq_FP32_CNV_25.0
CNV,TX2-maxq,FP32,maxq,4,2.3,1.07093,1729.73,3750.52,52.77705819236,114.43486110063999,83.25,,1.8,4.15,5.7,0.122046928,25.0,l3,0.44,59.7,0.03,TX2-maxq_FP32_25%_CNV,7.354718167801411e-05,FP32_TX2-maxq,TX2-maxq_FP32_CNV_25.0
CNV,TX2-maxq,FP32,maxq,8,3.89,1.5435,2060.36,5164.91,62.86515214352001,157.59034972412,83.25,,1.8,4.15,5.8,0.244093856,25.0,l3,0.44,59.7,0.03,TX2-maxq_FP32_25%_CNV,0.00010600139590824312,FP32_TX2-maxq,TX2-maxq_FP32_CNV_25.0
CNV,TX2-maxq,FP32,maxq,16,6.98,2.38939,2250.55,6753.15,68.6681784526,206.0503029558,83.25,,1.8,4.15,5.9,0.488187712,25.0,l3,0.44,59.7,0.03,TX2-maxq_FP32_25%_CNV,0.00016409373201762035,FP32_TX2-maxq,TX2-maxq_FP32_CNV_25.0
CNV,TX2-maxq,FP32,maxq,32,13.31,4.14928,2426.54,7714.33,74.03793816728,235.37756951955998,83.25,,1.8,4.15,5.8,0.976375424,25.0,l3,0.44,59.7,0.03,TX2-maxq_FP32_25%_CNV,0.000284955926151056,FP32_TX2-maxq,TX2-maxq_FP32_CNV_25.0
CNV,TX2-maxq,FP32,maxq,64,25.55,7.71375,2503.67,8374.77,76.39130805644,255.52873780164,83.25,,1.8,4.15,5.8,1.952750848,25.0,l3,0.44,59.7,0.03,TX2-maxq_FP32_25%_CNV,0.0005297494445657339,FP32_TX2-maxq,TX2-maxq_FP32_CNV_25.0
CNV,TX2-maxq,FP32,maxq,128,50.13,14.5759,2547.26,8820.21,77.72131445432001,269.11988370371995,83.25,,1.8,4.15,5.7,3.905501696,25.0,l3,0.44,59.7,0.03,TX2-maxq_FP32_25%_CNV,0.001001014413099424,FP32_TX2-maxq,TX2-maxq_FP32_CNV_25.0
CNV,TX2-maxp,FP32,maxp,1,0.92,0.513143,1109.43,2075.17,33.850630832760004,63.31703089444,83.25,,1.8,4.7,6.8,0.030511732,25.0,l3,0.57,59.7,0.03,TX2-maxp_FP32_25%_CNV,3.5240605312953415e-05,FP32_TX2-maxp,TX2-maxp_FP32_CNV_25.0
CNV,TX2-maxp,FP32,maxp,2,1.23,0.563732,1635.78,3575.82,49.91048097096,109.10446152024001,83.25,,1.8,4.7,7.4,0.061023464,25.0,l3,0.57,59.7,0.03,TX2-maxp_FP32_25%_CNV,3.8714855146190935e-05,FP32_TX2-maxp,TX2-maxp_FP32_CNV_25.0
CNV,TX2-maxp,FP32,maxp,4,2.13,0.901777,1917.6,4504.01,58.5092972832,137.42514604532002,83.25,,1.8,4.7,7.1,0.122046928,25.0,l3,0.57,59.7,0.03,TX2-maxp_FP32_25%_CNV,6.193043135597522e-05,FP32_TX2-maxp,TX2-maxp_FP32_CNV_25.0
CNV,TX2-maxp,FP32,maxp,8,3.48,1.27134,2327.27,6430.59,71.00903853164,196.20843868188,83.25,,1.8,4.7,7.3,0.244093856,25.0,l3,0.57,59.7,0.03,TX2-maxp_FP32_25%_CNV,8.731053752768758e-05,FP32_TX2-maxp,TX2-maxp_FP32_CNV_25.0
CNV,TX2-maxp,FP32,maxp,16,6.33,1.97941,2572.86,8374.36,78.50241479352,255.51622799152003,83.25,,1.8,4.7,7.4,0.488187712,25.0,l3,0.57,59.7,0.03,TX2-maxp_FP32_25%_CNV,0.00013593794821816358,FP32_TX2-maxp,TX2-maxp_FP32_CNV_25.0
CNV,TX2-maxp,FP32,maxp,32,11.56,3.30825,2852.37,9900.22,87.03074900483999,302.07285938103996,83.25,,1.8,4.7,7.3,0.976375424,25.0,l3,0.57,59.7,0.03,TX2-maxp_FP32_25%_CNV,0.000227197355369903,FP32_TX2-maxp,TX2-maxp_FP32_CNV_25.0
CNV,TX2-maxp,FP32,maxp,64,22.18,6.26,2925.71,10667.3,89.26847942972,325.4777987636,83.25,,1.8,4.7,7.3,1.952750848,25.0,l3,0.57,59.7,0.03,TX2-maxp_FP32_25%_CNV,0.0004299117190706847,FP32_TX2-maxp,TX2-maxp_FP32_CNV_25.0
CNV,TX2-maxp,FP32,maxp,128,42.8,11.409,3038.58,11247.1,92.71233862055999,343.1685009772,83.25,,1.8,4.7,7.2,3.905501696,25.0,l3,0.57,59.7,0.03,TX2-maxp_FP32_25%_CNV,0.0007835244094053423,FP32_TX2-maxp,TX2-maxp_FP32_CNV_25.0
CNV,TX2-maxn,FP32,maxn,1,0.96,0.64925,1038.54,1535.23,123.50695293144,182.57513369628,85.6,,1.8,5.7,12.4,0.118923636,50.0,l3,0.67,59.7,0.12,TX2-maxn_FP32_50%_CNV,4.458788875505464e-05,FP32_TX2-maxn,TX2-maxn_FP32_CNV_50.0
CNV,TX2-maxn,FP32,maxn,2,1.56,1.04006,1278.4,1936.36,152.0319762624,230.27897180495998,85.6,,1.8,5.7,12.5,0.237847272,50.0,l3,0.67,59.7,0.12,TX2-maxn_FP32_50%_CNV,7.142715375984926e-05,FP32_TX2-maxn,TX2-maxn_FP32_CNV_50.0
CNV,TX2-maxn,FP32,maxn,4,2.66,1.74247,1519.29,2328.43,180.67949093843998,276.90536177148,85.6,,1.8,5.7,12.8,0.475694544,50.0,l3,0.67,59.7,0.12,TX2-maxn_FP32_50%_CNV,0.00011966585832733163,FP32_TX2-maxn,TX2-maxn_FP32_CNV_50.0
CNV,TX2-maxn,FP32,maxn,8,4.32,2.66972,1835.13,3055.74,218.24033213268,363.39971147064,85.6,,1.8,5.7,12.8,0.951389088,50.0,l3,0.67,59.7,0.12,TX2-maxn_FP32_50%_CNV,0.00018334567326475852,FP32_TX2-maxn,TX2-maxn_FP32_CNV_50.0
CNV,TX2-maxn,FP32,maxn,16,7.65,4.48878,2120.08,3622.93,252.12762221088,430.85200857347996,85.6,,1.8,5.7,12.8,1.902778176,50.0,l3,0.67,59.7,0.12,TX2-maxn_FP32_50%_CNV,0.0003082714259313272,FP32_TX2-maxn,TX2-maxn_FP32_CNV_50.0
CNV,TX2-maxn,FP32,maxn,32,14.04,7.969469999999999,2255.51,4020.94,268.23345023436,478.18480493784,85.6,,1.8,5.7,12.2,3.805556352,50.0,l3,0.67,59.7,0.12,TX2-maxn_FP32_50%_CNV,0.0005473112696137779,FP32_TX2-maxn,TX2-maxn_FP32_CNV_50.0
CNV,TX2-maxn,FP32,maxn,64,26.83,15.0342,2415.09,4273.31,287.21128406724,508.19756295516004,85.6,,1.8,5.7,12.5,7.611112704,50.0,l3,0.67,59.7,0.12,TX2-maxn_FP32_50%_CNV,0.0010324886209029534,FP32_TX2-maxn,TX2-maxn_FP32_CNV_50.0
CNV,TX2-maxn,FP32,maxn,128,52.74,29.4199,2455.64,4384.54,292.03363750704,521.42543898744,85.6,,1.8,5.7,12.6,15.222225408,50.0,l3,0.67,59.7,0.12,TX2-maxn_FP32_50%_CNV,0.0020204408600459486,FP32_TX2-maxn,TX2-maxn_FP32_CNV_50.0
CNV,TX2-maxq,FP32,maxq,1,1.32,0.901056,757.957,1104.43,90.139002371652,131.34283130748,85.6,,1.8,4.15,6.1,0.118923636,50.0,l3,0.44,59.7,0.12,TX2-maxq_FP32_50%_CNV,6.188091596468928e-05,FP32_TX2-maxq,TX2-maxq_FP32_CNV_50.0
CNV,TX2-maxq,FP32,maxq,2,2.17,1.47371,920.0360000000001,1352.41,109.41402637089601,160.83351456276,85.6,,1.8,4.15,7.3,0.237847272,50.0,l3,0.44,59.7,0.12,TX2-maxq_FP32_50%_CNV,0.00010120849832454614,FP32_TX2-maxq,TX2-maxq_FP32_CNV_50.0
CNV,TX2-maxq,FP32,maxq,4,3.81,2.52625,1054.58,1583.68,125.41448805287999,188.33698386048002,85.6,,1.8,4.15,7.2,0.475694544,50.0,l3,0.44,59.7,0.12,TX2-maxq_FP32_50%_CNV,0.0001734927284827983,FP32_TX2-maxq,TX2-maxq_FP32_CNV_50.0
CNV,TX2-maxq,FP32,maxq,8,6.21,3.86588,1281.6,2069.23,152.4125318976,246.08035532028,85.6,,1.8,4.15,7.3,0.951389088,50.0,l3,0.44,59.7,0.12,TX2-maxq_FP32_50%_CNV,0.0002654931496039902,FP32_TX2-maxq,TX2-maxq_FP32_CNV_50.0
CNV,TX2-maxq,FP32,maxq,16,11.16,6.581360000000001,1412.41,2436.31,167.96893272276,289.73484362316,85.6,,1.8,4.15,7.4,1.902778176,50.0,l3,0.44,59.7,0.12,TX2-maxq_FP32_50%_CNV,0.00045198143632955946,FP32_TX2-maxq,TX2-maxq_FP32_CNV_50.0
CNV,TX2-maxq,FP32,maxq,32,20.97,11.8302,1508.1,2704.65,179.3487354516,321.6468121074,85.6,,1.8,4.15,7.4,3.805556352,50.0,l3,0.44,59.7,0.12,TX2-maxq_FP32_50%_CNV,0.0008124507378514399,FP32_TX2-maxq,TX2-maxq_FP32_CNV_50.0
CNV,TX2-maxq,FP32,maxq,64,40.56,22.5904,1575.38,2851.3,187.34991768168,339.0869633268,85.6,,1.8,4.15,7.3,7.611112704,50.0,l3,0.44,59.7,0.12,TX2-maxq_FP32_50%_CNV,0.0015514181626987854,FP32_TX2-maxq,TX2-maxq_FP32_CNV_50.0
CNV,TX2-maxq,FP32,maxq,128,79.8,43.828,1605.02,2928.61,190.87481425272,348.28094962596003,85.6,,1.8,4.15,7.3,15.222225408,50.0,l3,0.44,59.7,0.12,TX2-maxq_FP32_50%_CNV,0.0030099314414424876,FP32_TX2-maxq,TX2-maxq_FP32_CNV_50.0
CNV,TX2-maxp,FP32,maxp,1,1.18,0.7516649999999999,853.3330000000001,1327.07,101.48146307878801,157.81998962652,85.6,,1.8,4.7,8.5,0.118923636,50.0,l3,0.57,59.7,0.12,TX2-maxp_FP32_50%_CNV,5.162134062544189e-05,FP32_TX2-maxp,TX2-maxp_FP32_CNV_50.0
CNV,TX2-maxp,FP32,maxp,2,1.91,1.2014799999999999,1058.95,1675.52,125.9341843422,199.25893059071998,85.6,,1.8,4.7,9.2,0.237847272,50.0,l3,0.57,59.7,0.12,TX2-maxp_FP32_50%_CNV,8.251283262444828e-05,FP32_TX2-maxp,TX2-maxp_FP32_CNV_50.0
CNV,TX2-maxp,FP32,maxp,4,3.25,2.02807,1245.74,2001.73,148.14793031064,238.05300989028,85.6,,1.8,4.7,9.2,0.475694544,50.0,l3,0.57,59.7,0.12,TX2-maxp_FP32_50%_CNV,0.00013927972206001336,FP32_TX2-maxp,TX2-maxp_FP32_CNV_50.0
CNV,TX2-maxp,FP32,maxp,8,5.42,3.0600099999999997,1508.1,2638.56,179.3487354516,313.78714900415997,85.6,,1.8,4.7,9.1,0.951389088,50.0,l3,0.57,59.7,0.12,TX2-maxp_FP32_50%_CNV,0.000210149226752953,FP32_TX2-maxp,TX2-maxp_FP32_CNV_50.0
CNV,TX2-maxp,FP32,maxp,16,9.52,5.21547,1678.69,3124.47,199.63591851684,371.57333297291996,85.6,,1.8,4.7,9.3,1.902778176,50.0,l3,0.57,59.7,0.12,TX2-maxp_FP32_50%_CNV,0.00035817758362006135,FP32_TX2-maxp,TX2-maxp_FP32_CNV_50.0
CNV,TX2-maxp,FP32,maxp,32,17.46,9.29947,1818.83,3455.32,216.30187686588,410.91921794352004,85.6,,1.8,4.7,9.2,3.805556352,50.0,l3,0.57,59.7,0.12,TX2-maxp_FP32_50%_CNV,0.0006386503409179329,FP32_TX2-maxp,TX2-maxp_FP32_CNV_50.0
CNV,TX2-maxp,FP32,maxp,64,33.53,17.423,1903.35,3713.93,226.3533025806,441.67405944947996,85.6,,1.8,4.7,9.3,7.611112704,50.0,l3,0.57,59.7,0.12,TX2-maxp_FP32_50%_CNV,0.0011965418340844313,FP32_TX2-maxp,TX2-maxp_FP32_CNV_50.0
CNV,TX2-maxp,FP32,maxp,128,65.09,33.7164,1943.07,3744.29,231.07694940252,445.28458103843997,85.6,,1.8,4.7,9.3,15.222225408,50.0,l3,0.57,59.7,0.12,TX2-maxp_FP32_50%_CNV,0.0023155072659544465,FP32_TX2-maxp,TX2-maxp_FP32_CNV_50.0
CNV,TX2-maxn,FP32,maxn,1,1.96,1.6879400000000002,511.233,592.887,239.99833185,278.33080214999995,87.06,,1.8,5.7,15.1,0.46945,100.0,l3,0.67,59.7,0.47,TX2-maxn_FP32_100%_CNV,0.00011592095640386129,FP32_TX2-maxn,TX2-maxn_FP32_CNV_100.0
CNV,TX2-maxn,FP32,maxn,2,3.36,2.8978,599.883,690.164,281.61507435,323.9974898,87.06,,1.8,5.7,16.4,0.9389,100.0,l3,0.67,59.7,0.47,TX2-maxn_FP32_100%_CNV,0.0001990092938535192,FP32_TX2-maxn,TX2-maxn_FP32_CNV_100.0
CNV,TX2-maxn,FP32,maxn,4,5.79,4.9506,694.7080000000001,807.383,326.13067060000003,379.02594935,87.06,,1.8,5.7,15.9,1.8778,100.0,l3,0.67,59.7,0.47,TX2-maxn_FP32_100%_CNV,0.0003399873732318421,FP32_TX2-maxn,TX2-maxn_FP32_CNV_100.0
CNV,TX2-maxn,FP32,maxn,8,9.81,8.24878,819.8560000000001,970.512,384.88139920000003,455.60685839999996,87.06,,1.8,5.7,15.7,3.7556,100.0,l3,0.67,59.7,0.47,TX2-maxn_FP32_100%_CNV,0.0005664931613475851,FP32_TX2-maxn,TX2-maxn_FP32_CNV_100.0
CNV,TX2-maxn,FP32,maxn,16,17.75,14.7094,912.6560000000001,1100.02,428.4463592,516.4043889999999,87.06,,1.8,5.7,15.7,7.5112,100.0,l3,0.67,59.7,0.47,TX2-maxn_FP32_100%_CNV,0.0010101826582265703,FP32_TX2-maxn,TX2-maxn_FP32_CNV_100.0
CNV,TX2-maxn,FP32,maxn,32,33.17,27.2242,967.8639999999999,1188.24,454.3637547999999,557.819268,87.06,,1.8,5.7,15.5,15.0224,100.0,l3,0.67,59.7,0.47,TX2-maxn_FP32_100%_CNV,0.0018696489812019385,FP32_TX2-maxn,TX2-maxn_FP32_CNV_100.0
CNV,TX2-maxn,FP32,maxn,64,64.72,52.9712,993.21,1215.39,466.2624345,570.5648355000001,87.06,,1.8,5.7,16.3,30.0448,100.0,l3,0.67,59.7,0.47,TX2-maxn_FP32_100%_CNV,0.0036378497848621495,FP32_TX2-maxn,TX2-maxn_FP32_CNV_100.0
CNV,TX2-maxn,FP32,maxn,128,126.92,103.618,1008.87,1236.0,473.6140215,580.2402,87.06,,1.8,5.7,16.3,60.0896,100.0,l3,0.67,59.7,0.47,TX2-maxn_FP32_100%_CNV,0.0071160690905217585,FP32_TX2-maxn,TX2-maxn_FP32_CNV_100.0
CNV,TX2-maxq,FP32,maxq,1,2.87,2.44257,347.708,408.86800000000005,163.2315206,191.94308260000003,87.06,,1.8,4.15,8.6,0.46945,100.0,l3,0.44,59.7,0.47,TX2-maxq_FP32_100%_CNV,0.0001677459213499173,FP32_TX2-maxq,TX2-maxq_FP32_CNV_100.0
CNV,TX2-maxq,FP32,maxq,2,4.96,4.2405800000000005,402.358,470.616,188.8869631,220.93068119999998,87.06,,1.8,4.15,9.2,0.9389,100.0,l3,0.44,59.7,0.47,TX2-maxq_FP32_100%_CNV,0.0002912260443541157,FP32_TX2-maxq,TX2-maxq_FP32_CNV_100.0
CNV,TX2-maxq,FP32,maxq,4,8.5,7.20851,470.805,553.543,221.01940725,259.86076135,87.06,,1.8,4.15,9.4,1.8778,100.0,l3,0.44,59.7,0.47,TX2-maxq_FP32_100%_CNV,0.0004950515856291089,FP32_TX2-maxq,TX2-maxq_FP32_CNV_100.0
CNV,TX2-maxq,FP32,maxq,8,14.52,12.0192,554.413,664.5210000000001,260.26918285,311.95938345,87.06,,1.8,4.15,9.4,3.7556,100.0,l3,0.44,59.7,0.47,TX2-maxq_FP32_100%_CNV,0.0008254305006157146,FP32_TX2-maxq,TX2-maxq_FP32_CNV_100.0
CNV,TX2-maxq,FP32,maxq,16,26.17,21.4993,605.201,745.1080000000001,284.11160945,349.79095060000003,87.06,,1.8,4.15,9.4,7.5112,100.0,l3,0.44,59.7,0.47,TX2-maxq_FP32_100%_CNV,0.0014764857862326474,FP32_TX2-maxq,TX2-maxq_FP32_CNV_100.0
CNV,TX2-maxq,FP32,maxq,32,49.51,40.2266,646.465,797.36,303.48299425,374.320652,87.06,,1.8,4.15,9.4,15.0224,100.0,l3,0.44,59.7,0.47,TX2-maxq_FP32_100%_CNV,0.002762601718589266,FP32_TX2-maxq,TX2-maxq_FP32_CNV_100.0
CNV,TX2-maxq,FP32,maxq,64,96.61,78.4808,661.926,818.7639999999999,310.7411607,384.3687597999999,87.06,,1.8,4.15,9.4,30.0448,100.0,l3,0.44,59.7,0.47,TX2-maxq_FP32_100%_CNV,0.005389746907674536,FP32_TX2-maxq,TX2-maxq_FP32_CNV_100.0
CNV,TX2-maxq,FP32,maxq,128,190.29,153.72799999999998,671.916,832.648,315.4309662,390.8866036,87.06,,1.8,4.15,9.3,60.0896,100.0,l3,0.44,59.7,0.47,TX2-maxq_FP32_100%_CNV,0.010557423122891088,FP32_TX2-maxq,TX2-maxq_FP32_CNV_100.0
CNV,TX2-maxp,FP32,maxp,1,2.35,1.9405,430.25199999999995,515.51,201.98180139999997,242.0061695,87.06,,1.8,4.7,11.1,0.46945,100.0,l3,0.57,59.7,0.47,TX2-maxp_FP32_100%_CNV,0.0001332657653125661,FP32_TX2-maxp,TX2-maxp_FP32_CNV_100.0
CNV,TX2-maxp,FP32,maxp,2,3.99,3.3455199999999996,501.224,598.786,235.2996068,281.10008769999996,87.06,,1.8,4.7,12.4,0.9389,100.0,l3,0.57,59.7,0.47,TX2-maxp_FP32_100%_CNV,0.00022975690964622316,FP32_TX2-maxp,TX2-maxp_FP32_CNV_100.0
CNV,TX2-maxp,FP32,maxp,4,6.86,5.68452,585.812,703.573,275.0094434,330.29234484999995,87.06,,1.8,4.7,11.8,1.8778,100.0,l3,0.57,59.7,0.47,TX2-maxp_FP32_100%_CNV,0.0003903900583533049,FP32_TX2-maxp,TX2-maxp_FP32_CNV_100.0
CNV,TX2-maxp,FP32,maxp,8,11.61,9.38038,691.425,851.171,324.58946625,399.58222595,87.06,,1.8,4.7,11.8,3.7556,100.0,l3,0.57,59.7,0.47,TX2-maxp_FP32_100%_CNV,0.0006442069155489249,FP32_TX2-maxp,TX2-maxp_FP32_CNV_100.0
CNV,TX2-maxp,FP32,maxp,16,21.17,16.9903,757.3960000000001,954.7660000000001,355.55955220000004,448.2148987,87.06,,1.8,4.7,11.7,7.5112,100.0,l3,0.57,59.7,0.47,TX2-maxp_FP32_100%_CNV,0.0011668257317135231,FP32_TX2-maxp,TX2-maxp_FP32_CNV_100.0
CNV,TX2-maxp,FP32,maxp,32,39.81,31.2828,809.4860000000001,1031.79,380.0132027,484.3738155,87.06,,1.8,4.7,11.6,15.0224,100.0,l3,0.57,59.7,0.47,TX2-maxp_FP32_100%_CNV,0.0021483773682658813,FP32_TX2-maxp,TX2-maxp_FP32_CNV_100.0
CNV,TX2-maxp,FP32,maxp,64,77.63,61.0857,829.822,1057.7,389.55993789999997,496.537265,87.06,,1.8,4.7,12.4,30.0448,100.0,l3,0.57,59.7,0.47,TX2-maxp_FP32_100%_CNV,0.0041951211338076885,FP32_TX2-maxp,TX2-maxp_FP32_CNV_100.0
CNV,TX2-maxp,FP32,maxp,128,152.63,119.45299999999999,839.3439999999999,1072.66,394.03004079999994,503.56023700000003,87.06,,1.8,4.7,12.4,60.0896,100.0,l3,0.57,59.7,0.47,TX2-maxp_FP32_100%_CNV,0.008203553446988898,FP32_TX2-maxp,TX2-maxp_FP32_CNV_100.0
CNV,U96-Quadcore-A53,INT2,,2,,3.6510000000000002,,547.7951246,,4.39259161854703,73.64,,9.2,,14.5,0.016037352,12.5,l3,0.192,4.26,0.01,U96-Quadcore-A53_INT2_12.50%_CNV,0.0002507360521289249,INT2_U96-Quadcore-A53,U96-Quadcore-A53_INT2_CNV_12.5
CNV,U96-Quadcore-A53,INT2,,4,,6.306,,634.3165239,,5.086378686600357,73.64,,9.2,,14.5,0.032074704,12.5,l3,0.192,4.26,0.01,U96-Quadcore-A53_INT2_12.50%_CNV,0.0004330708147699262,INT2_U96-Quadcore-A53,U96-Quadcore-A53_INT2_CNV_12.5
CNV,U96-Quadcore-A53,INT2,,8,,11.731,,681.9537976,,5.468366549923978,73.64,,9.2,,14.5,0.064149408,12.5,l3,0.192,4.26,0.01,U96-Quadcore-A53_INT2_12.50%_CNV,0.0008056380793000324,INT2_U96-Quadcore-A53,U96-Quadcore-A53_INT2_CNV_12.5
CNV,U96-Quadcore-A53,INT2,,16,,22.21,,720.3962179,,5.776623862965501,73.64,,9.2,,14.5,0.128298816,12.5,l3,0.192,4.26,0.01,U96-Quadcore-A53_INT2_12.50%_CNV,0.0015252938147859278,INT2_U96-Quadcore-A53,U96-Quadcore-A53_INT2_CNV_12.5
CNV,U96-Quadcore-A53,INT2,,32,,43.493,,735.7505806,,5.899745522643286,73.64,,9.2,,14.5,0.256597632,12.5,l3,0.192,4.26,0.01,U96-Quadcore-A53_INT2_12.50%_CNV,0.0029869249836327943,INT2_U96-Quadcore-A53,U96-Quadcore-A53_INT2_CNV_12.5
CNV,U96-Quadcore-A53,INT2,,64,,85.12700000000001,,751.8178721,,6.028583927379341,73.64,,9.2,,14.5,0.513195264,12.5,l3,0.192,4.26,0.01,U96-Quadcore-A53_INT2_12.50%_CNV,0.005846181295420157,INT2_U96-Quadcore-A53,U96-Quadcore-A53_INT2_CNV_12.5
CNV,U96-Quadcore-A53,INT2,,128,,167.092,,766.045053,,6.1426670814098285,73.64,,9.2,,14.5,1.026390528,12.5,l3,0.192,4.26,0.01,U96-Quadcore-A53_INT2_12.50%_CNV,0.011475209099514194,INT2_U96-Quadcore-A53,U96-Quadcore-A53_INT2_CNV_12.5
CNV,U96-Quadcore-A53,INT2,,2,,8.433,,237.1635242,,7.236269890565914,79.89,,9.2,,14.5,0.061023464,25.0,l3,0.192,4.26,0.03,U96-Quadcore-A53_INT2_25%_CNV,0.0005791446528631125,INT2_U96-Quadcore-A53,U96-Quadcore-A53_INT2_CNV_25.0
CNV,U96-Quadcore-A53,INT2,,4,,14.103,,283.62759700000004,,8.653969227468005,79.89,,9.2,,14.5,0.122046928,25.0,l3,0.192,4.26,0.03,U96-Quadcore-A53_INT2_25%_CNV,0.0009685375357913525,INT2_U96-Quadcore-A53,U96-Quadcore-A53_INT2_CNV_25.0
CNV,U96-Quadcore-A53,INT2,,8,,24.808000000000003,,322.4766204,,9.839320217910533,79.89,,9.2,,14.5,0.244093856,25.0,l3,0.192,4.26,0.03,U96-Quadcore-A53_INT2_25%_CNV,0.0017037140457996083,INT2_U96-Quadcore-A53,U96-Quadcore-A53_INT2_CNV_25.0
CNV,U96-Quadcore-A53,INT2,,16,,46.974,,340.61395669999996,,10.392721762290003,79.89,,9.2,,14.5,0.488187712,25.0,l3,0.192,4.26,0.03,U96-Quadcore-A53_INT2_25%_CNV,0.003225986116873218,INT2_U96-Quadcore-A53,U96-Quadcore-A53_INT2_CNV_25.0
CNV,U96-Quadcore-A53,INT2,,32,,90.564,,353.3412835,,10.78105454668802,79.89,,9.2,,14.5,0.976375424,25.0,l3,0.192,4.26,0.03,U96-Quadcore-A53_INT2_25%_CNV,0.0062195726718718035,INT2_U96-Quadcore-A53,U96-Quadcore-A53_INT2_CNV_25.0
CNV,U96-Quadcore-A53,INT2,,64,,178.144,,359.25992460000003,,10.961642537735408,79.89,,9.2,,14.5,1.952750848,25.0,l3,0.192,4.26,0.03,U96-Quadcore-A53_INT2_25%_CNV,0.012234216179253684,INT2_U96-Quadcore-A53,U96-Quadcore-A53_INT2_CNV_25.0
CNV,U96-Quadcore-A53,INT2,,128,,351.97,,363.66735800000004,,11.096120964444056,79.89,,9.2,,14.5,3.905501696,25.0,l3,0.192,4.26,0.03,U96-Quadcore-A53_INT2_25%_CNV,0.024171889418739444,INT2_U96-Quadcore-A53,U96-Quadcore-A53_INT2_CNV_25.0
CNV,U96-Quadcore-A53,INT2,,2,,34.132,,58.59603891,,6.968454002374677,84.29,,9.2,,14.5,0.237847272,50.0,l3,0.192,4.26,0.12,U96-Quadcore-A53_INT2_50%_CNV,0.0023440490088371584,INT2_U96-Quadcore-A53,U96-Quadcore-A53_INT2_CNV_50.0
CNV,U96-Quadcore-A53,INT2,,4,,52.668,,75.94744437,,9.03194622938813,84.29,,9.2,,14.5,0.475694544,50.0,l3,0.192,4.26,0.12,U96-Quadcore-A53_INT2_50%_CNV,0.0036170272236445405,INT2_U96-Quadcore-A53,U96-Quadcore-A53_INT2_CNV_50.0
CNV,U96-Quadcore-A53,INT2,,8,,89.495,,89.39046874,,10.630639566305138,84.29,,9.2,,14.5,0.951389088,50.0,l3,0.192,4.26,0.12,U96-Quadcore-A53_INT2_50%_CNV,0.006146158034861171,INT2_U96-Quadcore-A53,U96-Quadcore-A53_INT2_CNV_50.0
CNV,U96-Quadcore-A53,INT2,,16,,164.93900000000002,,97.00555963,,11.536253863414414,84.29,,9.2,,14.5,1.902778176,50.0,l3,0.192,4.26,0.12,U96-Quadcore-A53_INT2_50%_CNV,0.011327349685591003,INT2_U96-Quadcore-A53,U96-Quadcore-A53_INT2_CNV_50.0
CNV,U96-Quadcore-A53,INT2,,32,,320.24,,99.92505621,,11.883451011997579,84.29,,9.2,,14.5,3.805556352,50.0,l3,0.192,4.26,0.12,U96-Quadcore-A53_INT2_50%_CNV,0.021992800146197457,INT2_U96-Quadcore-A53,U96-Quadcore-A53_INT2_CNV_50.0
CNV,U96-Quadcore-A53,INT2,,64,,620.131,,103.20400040000001,,12.273394977313457,84.29,,9.2,,14.5,7.611112704,50.0,l3,0.192,4.26,0.12,U96-Quadcore-A53_INT2_50%_CNV,0.04258811250144134,INT2_U96-Quadcore-A53,U96-Quadcore-A53_INT2_CNV_50.0
CNV,U96-Quadcore-A53,INT2,,128,,1227.069,,104.31361240000001,,12.405354070902687,84.29,,9.2,,14.5,15.222225408,50.0,l3,0.192,4.26,0.12,U96-Quadcore-A53_INT2_50%_CNV,0.08427018262114154,INT2_U96-Quadcore-A53,U96-Quadcore-A53_INT2_CNV_50.0
CNV,U96-Quadcore-A53,INT4,,2,,3.625,,551.7241379,,4.42409710319942,75.85,,9.2,,14.5,0.016037352,12.5,l3,0.192,4.26,0.01,U96-Quadcore-A53_INT4_12.50%_CNV,0.0002489504762989189,INT4_U96-Quadcore-A53,U96-Quadcore-A53_INT4_CNV_12.5
CNV,U96-Quadcore-A53,INT4,,4,,6.41,,624.0249610000001,,5.003853978171637,75.85,,9.2,,14.5,0.032074704,12.5,l3,0.192,4.26,0.01,U96-Quadcore-A53_INT4_12.50%_CNV,0.00044021311808995037,INT4_U96-Quadcore-A53,U96-Quadcore-A53_INT4_CNV_12.5
CNV,U96-Quadcore-A53,INT4,,8,,11.712,,683.0601092999999,,5.477237705001286,75.85,,9.2,,14.5,0.064149408,12.5,l3,0.192,4.26,0.01,U96-Quadcore-A53_INT4_12.50%_CNV,0.0008043332354242587,INT4_U96-Quadcore-A53,U96-Quadcore-A53_INT4_CNV_12.5
CNV,U96-Quadcore-A53,INT4,,16,,22.37,,715.2436299,,5.735306929232013,75.85,,9.2,,14.5,0.128298816,12.5,l3,0.192,4.26,0.01,U96-Quadcore-A53_INT4_12.50%_CNV,0.0015362819737398112,INT4_U96-Quadcore-A53,U96-Quadcore-A53_INT4_CNV_12.5
CNV,U96-Quadcore-A53,INT4,,32,,43.397,,737.3781597999999,,5.9127965529124245,75.85,,9.2,,14.5,0.256597632,12.5,l3,0.192,4.26,0.01,U96-Quadcore-A53_INT4_12.50%_CNV,0.002980332088260464,INT4_U96-Quadcore-A53,U96-Quadcore-A53_INT4_CNV_12.5
CNV,U96-Quadcore-A53,INT4,,64,,85.38,,749.5900679,,6.010719887308101,75.85,,9.2,,14.5,0.513195264,12.5,l3,0.192,4.26,0.01,U96-Quadcore-A53_INT4_12.50%_CNV,0.005863556321765984,INT4_U96-Quadcore-A53,U96-Quadcore-A53_INT4_CNV_12.5
CNV,U96-Quadcore-A53,INT4,,128,,168.071,,761.5829025,,6.106886542287091,75.85,,9.2,,14.5,1.026390528,12.5,l3,0.192,4.26,0.01,U96-Quadcore-A53_INT4_12.50%_CNV,0.011542442897113267,INT4_U96-Quadcore-A53,U96-Quadcore-A53_INT4_CNV_12.5
CNV,U96-Quadcore-A53,INT4,,2,,8.55,,233.9181287,,7.137247252835909,81.09,,9.2,,14.5,0.061023464,25.0,l3,0.192,4.26,0.03,U96-Quadcore-A53_INT4_25%_CNV,0.0005871797440981397,INT4_U96-Quadcore-A53,U96-Quadcore-A53_INT4_CNV_25.0
CNV,U96-Quadcore-A53,INT4,,4,,14.137,,282.94546230000003,,8.633156116313705,81.09,,9.2,,14.5,0.122046928,25.0,l3,0.192,4.26,0.03,U96-Quadcore-A53_INT4_25%_CNV,0.0009708725195690527,INT4_U96-Quadcore-A53,U96-Quadcore-A53_INT4_CNV_25.0
CNV,U96-Quadcore-A53,INT4,,8,,25.2,,317.4603175,,9.686264128194908,81.09,,9.2,,14.5,0.244093856,25.0,l3,0.192,4.26,0.03,U96-Quadcore-A53_INT4_25%_CNV,0.0017306350352366221,INT4_U96-Quadcore-A53,U96-Quadcore-A53_INT4_CNV_25.0
CNV,U96-Quadcore-A53,INT4,,16,,46.58,,343.49506230000003,,10.480629284220905,81.09,,9.2,,14.5,0.488187712,25.0,l3,0.192,4.26,0.03,U96-Quadcore-A53_INT4_25%_CNV,0.00319892777544928,INT4_U96-Quadcore-A53,U96-Quadcore-A53_INT4_CNV_25.0
CNV,U96-Quadcore-A53,INT4,,32,,90.412,,353.9353183,,10.799179577304296,81.09,,9.2,,14.5,0.976375424,25.0,l3,0.192,4.26,0.03,U96-Quadcore-A53_INT4_25%_CNV,0.006209133920865615,INT4_U96-Quadcore-A53,U96-Quadcore-A53_INT4_CNV_25.0
CNV,U96-Quadcore-A53,INT4,,64,,178.84799999999998,,357.8457685,,10.918494185806043,81.09,,9.2,,14.5,1.952750848,25.0,l3,0.192,4.26,0.03,U96-Quadcore-A53_INT4_25%_CNV,0.01228256407865077,INT4_U96-Quadcore-A53,U96-Quadcore-A53_INT4_CNV_25.0
CNV,U96-Quadcore-A53,INT4,,128,,353.671,,361.91828,,11.04275356526096,81.09,,9.2,,14.5,3.905501696,25.0,l3,0.192,4.26,0.03,U96-Quadcore-A53_INT4_25%_CNV,0.024288707283617914,INT4_U96-Quadcore-A53,U96-Quadcore-A53_INT4_CNV_25.0
CNV,ZCU104-Bismo,INT2,,2,,2.6645961,,750.5827994,,6.018680279561595,73.64,,9.2,,14.85,0.016037352,12.5,l3,30.7,19.2,0.01,ZCU104-Bismo_INT2_12.50%_CNV,0.00018299378434185975,INT2_ZCU104-Bismo,ZCU104-Bismo_INT2_CNV_12.5
CNV,ZCU104-Bismo,INT2,,4,,4.8319988,,827.8147751,,6.637978469539768,73.64,,9.2,,14.775,0.032074704,12.5,l3,30.7,19.2,0.01,ZCU104-Bismo_INT2_12.50%_CNV,0.000331842317996084,INT2_ZCU104-Bismo,ZCU104-Bismo_INT2_CNV_12.5
CNV,ZCU104-Bismo,INT2,,8,,9.4819115,,843.7117347000001,,6.765451037957258,73.64,,9.2,,14.875,0.064149408,12.5,l3,30.7,19.2,0.01,ZCU104-Bismo_INT2_12.50%_CNV,0.0006511796921790887,INT2_ZCU104-Bismo,ZCU104-Bismo_INT2_CNV_12.5
CNV,ZCU104-Bismo,INT2,,16,,19.5757145,,817.3392597999999,,6.553978706416025,73.64,,9.2,,15.125,0.128298816,12.5,l3,30.7,19.2,0.01,ZCU104-Bismo_INT2_12.50%_CNV,0.0013443816410114904,INT2_ZCU104-Bismo,ZCU104-Bismo_INT2_CNV_12.5
CNV,ZCU104-Bismo,INT2,,32,,37.4907985,,853.5427699999999,,6.84428292477252,73.64,,9.2,,15.475,0.256597632,12.5,l3,30.7,19.2,0.01,ZCU104-Bismo_INT2_12.50%_CNV,0.0025747178326625633,INT2_ZCU104-Bismo,ZCU104-Bismo_INT2_CNV_12.5
CNV,ZCU104-Bismo,INT2,,64,,76.3113003,,838.6700232999999,,6.72502318775515,73.64,,9.2,,15.475,0.513195264,12.5,l3,30.7,19.2,0.01,ZCU104-Bismo_INT2_12.50%_CNV,0.0052407543604620225,INT2_ZCU104-Bismo,ZCU104-Bismo_INT2_CNV_12.5
CNV,ZCU104-Bismo,INT2,,128,,144.856425,,883.6335703,,7.085571302958924,73.64,,9.2,,15.5,1.026390528,12.5,l3,30.7,19.2,0.01,ZCU104-Bismo_INT2_12.50%_CNV,0.009948158896195481,INT2_ZCU104-Bismo,ZCU104-Bismo_INT2_CNV_12.5
CNV,ZCU104-Bismo,INT2,,2,,4.2060401,,475.506641,,14.508531194412212,79.89,,9.2,,14.825,0.061023464,25.0,l3,30.7,19.2,0.03,ZCU104-Bismo_INT2_25%_CNV,0.0002888539824075455,INT2_ZCU104-Bismo,ZCU104-Bismo_INT2_CNV_25.0
CNV,ZCU104-Bismo,INT2,,4,,7.6543491999999995,,522.5787190000001,,15.944781823031311,79.89,,9.2,,14.975,0.122046928,25.0,l3,30.7,19.2,0.03,ZCU104-Bismo_INT2_25%_CNV,0.0005256700356133099,INT2_ZCU104-Bismo,ZCU104-Bismo_INT2_CNV_25.0
CNV,ZCU104-Bismo,INT2,,8,,15.1703086,,527.3458972,,16.09023668666595,79.89,,9.2,,15.0,0.244093856,25.0,l3,30.7,19.2,0.03,ZCU104-Bismo_INT2_25%_CNV,0.0010418360142266441,INT2_ZCU104-Bismo,ZCU104-Bismo_INT2_CNV_25.0
CNV,ZCU104-Bismo,INT2,,16,,27.868153200000002,,574.1320526000001,,17.517763321541103,79.89,,9.2,,15.275,0.488187712,25.0,l3,30.7,19.2,0.03,ZCU104-Bismo_INT2_25%_CNV,0.001913873106954825,INT2_ZCU104-Bismo,ZCU104-Bismo_INT2_CNV_25.0
CNV,ZCU104-Bismo,INT2,,32,,55.855311300000004,,572.9088113,,17.480440110824173,79.89,,9.2,,15.475,0.976375424,25.0,l3,30.7,19.2,0.03,ZCU104-Bismo_INT2_25%_CNV,0.0038359189936439685,INT2_ZCU104-Bismo,ZCU104-Bismo_INT2_CNV_25.0
CNV,ZCU104-Bismo,INT2,,64,,114.31291470000001,,559.8667497,,17.082504222557482,79.89,,9.2,,15.475,1.952750848,25.0,l3,30.7,19.2,0.03,ZCU104-Bismo_INT2_25%_CNV,0.007850552982533156,INT2_ZCU104-Bismo,ZCU104-Bismo_INT2_CNV_25.0
CNV,ZCU104-Bismo,INT2,,128,,220.03920499999998,,581.7145176,,17.749117461520484,79.89,,9.2,,15.5,3.905501696,25.0,l3,30.7,19.2,0.03,ZCU104-Bismo_INT2_25%_CNV,0.015111411003913227,INT2_ZCU104-Bismo,ZCU104-Bismo_INT2_CNV_25.0
CNV,ZCU104-Bismo,INT2,,2,,9.1143339,,219.43457659999999,,26.095957713392515,84.29,,9.2,,15.0,0.237847272,50.0,l3,30.7,19.2,0.12,ZCU104-Bismo_INT2_50%_CNV,0.0006259359353247953,INT2_ZCU104-Bismo,ZCU104-Bismo_INT2_CNV_50.0
CNV,ZCU104-Bismo,INT2,,4,,16.680774,,239.7970262,,28.517534257691263,84.29,,9.2,,15.15,0.475694544,50.0,l3,30.7,19.2,0.12,ZCU104-Bismo_INT2_50%_CNV,0.001145568726161275,INT2_ZCU104-Bismo,ZCU104-Bismo_INT2_CNV_50.0
CNV,ZCU104-Bismo,INT2,,8,,31.695207699999997,,252.40408819999996,,30.01681191000869,84.29,,9.2,,15.25,0.951389088,50.0,l3,30.7,19.2,0.12,ZCU104-Bismo_INT2_50%_CNV,0.002176699876774665,INT2_ZCU104-Bismo,ZCU104-Bismo_INT2_CNV_50.0
CNV,ZCU104-Bismo,INT2,,16,,63.4222652,,252.27733430000004,,30.00173787534352,84.29,,9.2,,15.475,1.902778176,50.0,l3,30.7,19.2,0.12,ZCU104-Bismo_INT2_50%_CNV,0.004355587070205889,INT2_ZCU104-Bismo,ZCU104-Bismo_INT2_CNV_50.0
CNV,ZCU104-Bismo,INT2,,32,,121.25561370000001,,263.9053073,,31.384578703813343,84.29,,9.2,,15.475,3.805556352,50.0,l3,30.7,19.2,0.12,ZCU104-Bismo_INT2_50%_CNV,0.008327349733664197,INT2_ZCU104-Bismo,ZCU104-Bismo_INT2_CNV_50.0
CNV,ZCU104-Bismo,INT2,,64,,247.77383799999998,,258.3000712,,30.71798364616288,84.29,,9.2,,15.6,7.611112704,50.0,l3,30.7,19.2,0.12,ZCU104-Bismo_INT2_50%_CNV,0.017016114478485837,INT2_ZCU104-Bismo,ZCU104-Bismo_INT2_CNV_50.0
CNV,ZCU104-Bismo,INT2,,128,,498.197604,,256.9261654,,30.554593772905395,84.29,,9.2,,15.75,15.222225408,50.0,l3,30.7,19.2,0.12,ZCU104-Bismo_INT2_50%_CNV,0.03421421539497384,INT2_ZCU104-Bismo,ZCU104-Bismo_INT2_CNV_50.0
CNV,ZCU104-Bismo,INT4,,2,,4.1806155,,478.39845589999993,,3.836122216762388,75.85,,9.2,,14.85,0.016037352,12.5,l3,8.8,19.2,0.01,ZCU104-Bismo_INT4_12.50%_CNV,0.00028710792274417733,INT4_ZCU104-Bismo,ZCU104-Bismo_INT4_CNV_12.5
CNV,ZCU104-Bismo,INT4,,4,,7.2814085,,549.3442649,,4.405013672691273,75.85,,9.2,,14.825,0.032074704,12.5,l3,8.8,19.2,0.01,ZCU104-Bismo_INT4_12.50%_CNV,0.0005000579625384818,INT4_ZCU104-Bismo,ZCU104-Bismo_INT4_CNV_12.5
CNV,ZCU104-Bismo,INT4,,8,,14.3851396,,556.1294657000001,,4.459421999501414,75.85,,9.2,,14.95,0.064149408,12.5,l3,8.8,19.2,0.01,ZCU104-Bismo_INT4_12.50%_CNV,0.0009879137531162592,INT4_ZCU104-Bismo,ZCU104-Bismo_INT4_CNV_12.5
CNV,ZCU104-Bismo,INT4,,16,,31.355123699999996,,510.28342779999997,,4.091797475697593,75.85,,9.2,,15.275,0.128298816,12.5,l3,8.8,19.2,0.01,ZCU104-Bismo_INT4_12.50%_CNV,0.002153344270214212,INT4_ZCU104-Bismo,ZCU104-Bismo_INT4_CNV_12.5
CNV,ZCU104-Bismo,INT4,,32,,56.98377320000001,,561.563375,,4.5029947575915,75.85,,9.2,,15.475,0.256597632,12.5,l3,8.8,19.2,0.01,ZCU104-Bismo_INT4_12.50%_CNV,0.003913417235710226,INT4_ZCU104-Bismo,ZCU104-Bismo_INT4_CNV_12.5
CNV,ZCU104-Bismo,INT4,,64,,119.82321599999999,,534.1201992,,4.282936822440259,75.85,,9.2,,15.5,0.513195264,12.5,l3,8.8,19.2,0.01,ZCU104-Bismo_INT4_12.50%_CNV,0.00822897839858434,INT4_ZCU104-Bismo,ZCU104-Bismo_INT4_CNV_12.5
CNV,ZCU104-Bismo,INT4,,128,,211.559943,,605.0294691,,4.851535283164912,75.85,,9.2,,15.525,1.026390528,12.5,l3,8.8,19.2,0.01,ZCU104-Bismo_INT4_12.50%_CNV,0.014529089262240587,INT4_ZCU104-Bismo,ZCU104-Bismo_INT4_CNV_12.5
CNV,ZCU104-Bismo,INT4,,2,,6.8628605,,291.4236709,,8.891840944956998,81.09,,9.2,,14.975,0.061023464,25.0,l3,8.8,19.2,0.03,ZCU104-Bismo_INT4_25%_CNV,0.00047131376282704454,INT4_ZCU104-Bismo,ZCU104-Bismo_INT4_CNV_25.0
CNV,ZCU104-Bismo,INT4,,4,,12.0626167,,331.60300950000004,,10.117782156257455,81.09,,9.2,,15.025,0.122046928,25.0,l3,8.8,19.2,0.03,ZCU104-Bismo_INT4_25%_CNV,0.0008284121856210463,INT4_ZCU104-Bismo,ZCU104-Bismo_INT4_CNV_25.0
CNV,ZCU104-Bismo,INT4,,8,,25.3374479,,315.73819239999995,,9.633719108673235,81.09,,9.2,,15.225,0.244093856,25.0,l3,8.8,19.2,0.03,ZCU104-Bismo_INT4_25%_CNV,0.0017400744063183564,INT4_ZCU104-Bismo,ZCU104-Bismo_INT4_CNV_25.0
CNV,ZCU104-Bismo,INT4,,16,,44.0356425,,363.3420359,,11.086194823715179,81.09,,9.2,,15.4,0.488187712,25.0,l3,8.8,19.2,0.03,ZCU104-Bismo_INT4_25%_CNV,0.003024191496414873,INT4_ZCU104-Bismo,ZCU104-Bismo_INT4_CNV_25.0
CNV,ZCU104-Bismo,INT4,,32,,88.45457359999999,,361.76761360000006,,11.038156472442758,81.09,,9.2,,15.5,0.976375424,25.0,l3,8.8,19.2,0.03,ZCU104-Bismo_INT4_25%_CNV,0.006074705718217317,INT4_ZCU104-Bismo,ZCU104-Bismo_INT4_CNV_25.0
CNV,ZCU104-Bismo,INT4,,64,,188.71915900000002,,339.1282599,,10.347390579695146,81.09,,9.2,,15.475,1.952750848,25.0,l3,8.8,19.2,0.03,ZCU104-Bismo_INT4_25%_CNV,0.012960475729594871,INT4_ZCU104-Bismo,ZCU104-Bismo_INT4_CNV_25.0
CNV,ZCU104-Bismo,INT4,,128,,347.028579,,368.8457025,,11.25412122403173,81.09,,9.2,,15.65,3.905501696,25.0,l3,8.8,19.2,0.03,ZCU104-Bismo_INT4_25%_CNV,0.023832532422451584,INT4_ZCU104-Bismo,ZCU104-Bismo_INT4_CNV_25.0
CNV,ZCU104-FINN,INT2,,1,0.05,0.086,,23255.814,,186.480837582264,73.64,,9.2,11.0,13.225,0.008018676,12.5,l3,30.7,19.2,0.01,ZCU104-FINN_INT2_12.50%_CNV,5.906135437712282e-06,INT2_ZCU104-FINN,ZCU104-FINN_INT2_CNV_12.5
CNV,ZCU104-FINN,INT2,,2,,0.126,,31746.032000000003,,254.56114489363205,73.64,,9.2,11.0,12.875,0.016037352,12.5,l3,30.7,19.2,0.01,ZCU104-FINN_INT2_12.50%_CNV,8.653175176183111e-06,INT2_ZCU104-FINN,ZCU104-FINN_INT2_CNV_12.5
CNV,ZCU104-FINN,INT2,,4,,0.2,,40201.006,,322.35884198805604,73.64,,9.2,11.0,13.15,0.032074704,12.5,l3,30.7,19.2,0.01,ZCU104-FINN_INT2_12.50%_CNV,1.3735198692354145e-05,INT2_ZCU104-FINN,ZCU104-FINN_INT2_CNV_12.5
CNV,ZCU104-FINN,INT2,,8,,0.32799999999999996,,48484.848,,388.784287021248,73.64,,9.2,11.0,12.775,0.064149408,12.5,l3,30.7,19.2,0.01,ZCU104-FINN_INT2_12.50%_CNV,2.2525725855460795e-05,INT2_ZCU104-FINN,ZCU104-FINN_INT2_CNV_12.5
CNV,ZCU104-FINN,INT2,,16,,0.5920000000000001,,53962.9,,432.71101112040003,73.64,,9.2,11.0,12.75,0.128298816,12.5,l3,30.7,19.2,0.01,ZCU104-FINN_INT2_12.50%_CNV,4.0656188129368276e-05,INT2_ZCU104-FINN,ZCU104-FINN_INT2_CNV_12.5
CNV,ZCU104-FINN,INT2,,32,,1.12,,57296.33,,459.44070625908006,73.64,,9.2,11.0,12.675,0.256597632,12.5,l3,30.7,19.2,0.01,ZCU104-FINN_INT2_12.50%_CNV,7.691711267718321e-05,INT2_ZCU104-FINN,ZCU104-FINN_INT2_CNV_12.5
CNV,ZCU104-FINN,INT2,,64,,2.176,,59095.106,,473.86450819965603,73.64,,9.2,11.0,12.625,0.513195264,12.5,l3,30.7,19.2,0.01,ZCU104-FINN_INT2_12.50%_CNV,0.0001494389617728131,INT2_ZCU104-FINN,ZCU104-FINN_INT2_CNV_12.5
CNV,ZCU104-FINN,INT2,,128,,4.224,,60037.524000000005,,481.4214527982241,73.64,,9.2,11.0,12.675,1.026390528,12.5,l3,30.7,19.2,0.01,ZCU104-FINN_INT2_12.50%_CNV,0.00029008739638251954,INT2_ZCU104-FINN,ZCU104-FINN_INT2_CNV_12.5
CNV,ZCU104-FINN,INT2,,256,,8.448,,60512.942,,485.23367570479206,73.64,,9.2,11.0,12.725,2.052781056,12.5,l3,30.7,19.2,0.01,ZCU104-FINN_INT2_12.50%_CNV,0.0005801747927650391,INT2_ZCU104-FINN,ZCU104-FINN_INT2_CNV_12.5
CNV,ZCU104-FINN,INT2,,512,,16.896,,60757.09,,487.19141941284,73.64,,9.2,11.0,12.675,4.105562112,12.5,l3,30.7,19.2,0.01,ZCU104-FINN_INT2_12.50%_CNV,0.0011603495855300782,INT2_ZCU104-FINN,ZCU104-FINN_INT2_CNV_12.5
CNV,ZCU104-FINN,INT2,,1,,0.11900000000000001,,8403.360999999999,,256.401098731252,79.89,,9.2,11.5,13.475,0.030511732,25.0,l3,30.7,19.2,0.03,ZCU104-FINN_INT2_25%_CNV,8.172443221950717e-06,INT2_ZCU104-FINN,ZCU104-FINN_INT2_CNV_25.0
CNV,ZCU104-FINN,INT2,,2,,0.16399999999999998,,12195.122,,372.094294171304,79.89,,9.2,11.5,13.375,0.061023464,25.0,l3,30.7,19.2,0.03,ZCU104-FINN_INT2_25%_CNV,1.1262862927730397e-05,INT2_ZCU104-FINN,ZCU104-FINN_INT2_CNV_25.0
CNV,ZCU104-FINN,INT2,,4,,0.252,,15936.255,,486.24274164366,79.89,,9.2,11.5,13.075,0.122046928,25.0,l3,30.7,19.2,0.03,ZCU104-FINN_INT2_25%_CNV,1.7306350352366222e-05,INT2_ZCU104-FINN,ZCU104-FINN_INT2_CNV_25.0
CNV,ZCU104-FINN,INT2,,8,,0.384,,20942.408,,638.989140330656,79.89,,9.2,11.5,13.075,0.244093856,25.0,l3,30.7,19.2,0.03,ZCU104-FINN_INT2_25%_CNV,2.6371581489319958e-05,INT2_ZCU104-FINN,ZCU104-FINN_INT2_CNV_25.0
CNV,ZCU104-FINN,INT2,,16,,0.64,,24844.72,,758.05543825504,79.89,,9.2,11.5,13.025,0.488187712,25.0,l3,30.7,19.2,0.03,ZCU104-FINN_INT2_25%_CNV,4.395263581553326e-05,INT2_ZCU104-FINN,ZCU104-FINN_INT2_CNV_25.0
CNV,ZCU104-FINN,INT2,,32,,1.1840000000000002,,27373.824,,835.222781703168,79.89,,9.2,11.5,12.95,0.976375424,25.0,l3,30.7,19.2,0.03,ZCU104-FINN_INT2_25%_CNV,8.131237625873655e-05,INT2_ZCU104-FINN,ZCU104-FINN_INT2_CNV_25.0
CNV,ZCU104-FINN,INT2,,64,,2.24,,28854.824,,880.410656795168,79.89,,9.2,11.5,13.075,1.952750848,25.0,l3,30.7,19.2,0.03,ZCU104-FINN_INT2_25%_CNV,0.00015383422535436643,INT2_ZCU104-FINN,ZCU104-FINN_INT2_CNV_25.0
CNV,ZCU104-FINN,INT2,,128,,4.352,,29657.09,,904.88918197988,79.89,,9.2,11.5,13.225,3.905501696,25.0,l3,30.7,19.2,0.03,ZCU104-FINN_INT2_25%_CNV,0.0002988779235456262,INT2_ZCU104-FINN,ZCU104-FINN_INT2_CNV_25.0
CNV,ZCU104-FINN,INT2,,256,,8.448,,30075.188,,917.646076105616,79.89,,9.2,11.5,13.325,7.811003392,25.0,l3,30.7,19.2,0.03,ZCU104-FINN_INT2_25%_CNV,0.0005801747927650391,INT2_ZCU104-FINN,ZCU104-FINN_INT2_CNV_25.0
CNV,ZCU104-FINN,INT2,,512,,16.896,,30286.897,,924.105684375604,79.89,,9.2,11.5,13.825,15.622006784,25.0,l3,30.7,19.2,0.03,ZCU104-FINN_INT2_25%_CNV,0.0011603495855300782,INT2_ZCU104-FINN,ZCU104-FINN_INT2_CNV_25.0
CNV,ZCU104-FINN,INT2,,1,,0.27,,3703.704,,440.45794634774404,84.29,,9.2,12.0,13.75,0.118923636,50.0,l3,30.7,19.2,0.12,ZCU104-FINN_INT2_50%_CNV,1.8542518234678098e-05,INT2_ZCU104-FINN,ZCU104-FINN_INT2_CNV_50.0
CNV,ZCU104-FINN,INT2,,2,,0.366,,5449.590999999999,,648.085176432876,84.29,,9.2,12.0,13.725,0.237847272,50.0,l3,30.7,19.2,0.12,ZCU104-FINN_INT2_50%_CNV,2.5135413607008085e-05,INT2_ZCU104-FINN,ZCU104-FINN_INT2_CNV_50.0
CNV,ZCU104-FINN,INT2,,4,,0.528,,7575.758000000001,,900.9366868160881,84.29,,9.2,12.0,13.475,0.475694544,50.0,l3,30.7,19.2,0.12,ZCU104-FINN_INT2_50%_CNV,3.626092454781494e-05,INT2_ZCU104-FINN,ZCU104-FINN_INT2_CNV_50.0
CNV,ZCU104-FINN,INT2,,8,,0.7759999999999999,,10309.278,,1226.016824294808,84.29,,9.2,12.0,13.475,0.951389088,50.0,l3,30.7,19.2,0.12,ZCU104-FINN_INT2_50%_CNV,5.329257092633407e-05,INT2_ZCU104-FINN,ZCU104-FINN_INT2_CNV_50.0
CNV,ZCU104-FINN,INT2,,16,,1.248,,12892.828000000001,,1533.2619840826083,84.29,,9.2,12.0,13.675,1.902778176,50.0,l3,30.7,19.2,0.12,ZCU104-FINN_INT2_50%_CNV,8.570763984028987e-05,INT2_ZCU104-FINN,ZCU104-FINN_INT2_CNV_50.0
CNV,ZCU104-FINN,INT2,,32,,2.176,,14739.751,,1752.904782654636,84.29,,9.2,12.0,13.5,3.805556352,50.0,l3,30.7,19.2,0.12,ZCU104-FINN_INT2_50%_CNV,0.0001494389617728131,INT2_ZCU104-FINN,ZCU104-FINN_INT2_CNV_50.0
CNV,ZCU104-FINN,INT2,,64,,4.032,,15880.893,,1888.613538486948,84.29,,9.2,12.0,13.775,7.611112704,50.0,l3,30.7,19.2,0.12,ZCU104-FINN_INT2_50%_CNV,0.00027690160563785955,INT2_ZCU104-FINN,ZCU104-FINN_INT2_CNV_50.0
CNV,ZCU104-FINN,INT2,,128,,7.808,,16516.129,,1964.158113325044,84.29,,9.2,12.0,14.1,15.222225408,50.0,l3,30.7,19.2,0.12,ZCU104-FINN_INT2_50%_CNV,0.0005362221569495058,INT2_ZCU104-FINN,ZCU104-FINN_INT2_CNV_50.0
CNV,ZCU104-FINN,INT2,,256,,15.104000000000001,,16855.412,,2004.5068813180321,84.29,,9.2,12.0,14.875,30.444450816,50.0,l3,30.7,19.2,0.12,ZCU104-FINN_INT2_50%_CNV,0.001037282205246585,INT2_ZCU104-FINN,ZCU104-FINN_INT2_CNV_50.0
CNV,ZCU104-FINN,INT2,,512,,30.208000000000002,,17029.769,,2025.242049720084,84.29,,9.2,12.0,15.775,60.888901632,50.0,l3,30.7,19.2,0.12,ZCU104-FINN_INT2_50%_CNV,0.00207456441049317,INT2_ZCU104-FINN,ZCU104-FINN_INT2_CNV_50.0
CNV,ZCU104-FINN,INT2,,1,,1.2990000000000002,,769.823,,361.39340734999996,86.86,,9.2,11.6,14.3,0.46945,100.0,l3,30.7,19.2,0.47,ZCU104-FINN_INT2_100%_CNV,8.921011550684018e-05,INT2_ZCU104-FINN,ZCU104-FINN_INT2_CNV_100.0
CNV,ZCU104-FINN,INT2,,2,,1.784,,1121.076,,526.2891281999999,86.86,,9.2,11.6,14.425,0.9389,100.0,l3,30.7,19.2,0.47,ZCU104-FINN_INT2_100%_CNV,0.00012251797233579897,INT2_ZCU104-FINN,ZCU104-FINN_INT2_CNV_100.0
CNV,ZCU104-FINN,INT2,,4,,2.6,,1539.0529999999999,,722.50843085,86.86,,9.2,11.6,14.475,1.8778,100.0,l3,30.7,19.2,0.47,ZCU104-FINN_INT2_100%_CNV,0.00017855758300060388,INT2_ZCU104-FINN,ZCU104-FINN_INT2_CNV_100.0
CNV,ZCU104-FINN,INT2,,8,,3.928,,2034.588,,955.1373365999999,86.86,,9.2,11.6,14.35,3.7556,100.0,l3,30.7,19.2,0.47,ZCU104-FINN_INT2_100%_CNV,0.0002697593023178354,INT2_ZCU104-FINN,ZCU104-FINN_INT2_CNV_100.0
CNV,ZCU104-FINN,INT2,,16,,6.5920000000000005,,2425.345,,1138.5782102499998,86.86,,9.2,11.6,14.825,7.5112,100.0,l3,30.7,19.2,0.47,ZCU104-FINN_INT2_100%_CNV,0.0004527121488999926,INT2_ZCU104-FINN,ZCU104-FINN_INT2_CNV_100.0
CNV,ZCU104-FINN,INT2,,32,,11.936,,2682.763,,1259.42309035,86.86,,9.2,11.6,14.95,15.0224,100.0,l3,30.7,19.2,0.47,ZCU104-FINN_INT2_100%_CNV,0.0008197166579596954,INT2_ZCU104-FINN,ZCU104-FINN_INT2_CNV_100.0
CNV,ZCU104-FINN,INT2,,64,,22.592,,2832.987,,1329.94574715,86.86,,9.2,11.6,15.925,30.0448,100.0,l3,30.7,19.2,0.47,ZCU104-FINN_INT2_100%_CNV,0.001551528044288324,INT2_ZCU104-FINN,ZCU104-FINN_INT2_CNV_100.0
CNV,ZCU104-FINN,INT2,,128,,43.903999999999996,,2914.655,,1368.28478975,86.86,,9.2,11.6,17.175,60.0896,100.0,l3,30.7,19.2,0.47,ZCU104-FINN_INT2_100%_CNV,0.003015150816945582,INT2_ZCU104-FINN,ZCU104-FINN_INT2_CNV_100.0
CNV,ZCU104-FINN,INT2,,256,,86.52799999999999,,2957.315,,1388.31152675,86.86,,9.2,11.6,17.175,120.1792,100.0,l3,30.7,19.2,0.47,ZCU104-FINN_INT2_100%_CNV,0.005942396362260097,INT2_ZCU104-FINN,ZCU104-FINN_INT2_CNV_100.0
CNV,ZCU104-FINN,INT2,,512,,172.032,,2979.0820000000003,,1398.5300449000001,86.86,,9.2,11.6,17.175,240.3584,100.0,l3,30.7,19.2,0.47,ZCU104-FINN_INT2_100%_CNV,0.011814468507215342,INT2_ZCU104-FINN,ZCU104-FINN_INT2_CNV_100.0
CNV,ZCU104-FINN,INT4,,1,0.07,0.07200000000000001,,13888.889,,111.370500890964,75.85,,9.2,11.0,13.7,0.008018676,12.5,l3,8.8,19.2,0.01,ZCU104-FINN_INT4_12.50%_CNV,4.944671529247493e-06,INT4_ZCU104-FINN,ZCU104-FINN_INT4_CNV_12.5
CNV,ZCU104-FINN,INT4,,2,,0.12,,16666.667,,133.64460267289203,75.85,,9.2,11.0,13.35,0.016037352,12.5,l3,8.8,19.2,0.01,ZCU104-FINN_INT4_12.50%_CNV,8.241119215412486e-06,INT4_ZCU104-FINN,ZCU104-FINN_INT4_CNV_12.5
CNV,ZCU104-FINN,INT4,,4,,0.20800000000000002,,19138.756,,153.46748340705602,75.85,,9.2,11.0,13.3,0.032074704,12.5,l3,8.8,19.2,0.01,ZCU104-FINN_INT4_12.50%_CNV,1.4284606640048312e-05,INT4_ZCU104-FINN,ZCU104-FINN_INT4_CNV_12.5
CNV,ZCU104-FINN,INT4,,8,,0.368,,21739.13,,174.31903999188003,75.85,,9.2,11.0,13.55,0.064149408,12.5,l3,8.8,19.2,0.01,ZCU104-FINN_INT4_12.50%_CNV,2.5272765593931626e-05,INT4_ZCU104-FINN,ZCU104-FINN_INT4_CNV_12.5
CNV,ZCU104-FINN,INT4,,16,,0.688,,23357.664,,187.297539732864,75.85,,9.2,11.0,13.225,0.128298816,12.5,l3,8.8,19.2,0.01,ZCU104-FINN_INT4_12.50%_CNV,4.724908350169825e-05,INT4_ZCU104-FINN,ZCU104-FINN_INT4_CNV_12.5
CNV,ZCU104-FINN,INT4,,32,,1.3119999999999998,,24242.424,,194.392143510624,75.85,,9.2,11.0,13.15,0.256597632,12.5,l3,8.8,19.2,0.01,ZCU104-FINN_INT4_12.50%_CNV,9.010290342184318e-05,INT4_ZCU104-FINN,ZCU104-FINN_INT4_CNV_12.5
CNV,ZCU104-FINN,INT4,,64,,2.56,,24719.968999999997,,198.221422141044,75.85,,9.2,11.0,13.175,0.513195264,12.5,l3,8.8,19.2,0.01,ZCU104-FINN_INT4_12.50%_CNV,0.00017581054326213305,INT4_ZCU104-FINN,ZCU104-FINN_INT4_CNV_12.5
CNV,ZCU104-FINN,INT4,,128,,5.12,,24960.998,,200.154155598648,75.85,,9.2,11.0,13.275,1.026390528,12.5,l3,8.8,19.2,0.01,ZCU104-FINN_INT4_12.50%_CNV,0.0003516210865242661,INT4_ZCU104-FINN,ZCU104-FINN_INT4_CNV_12.5
CNV,ZCU104-FINN,INT4,,256,,10.24,,25085.742000000002,,201.15443731759203,75.85,,9.2,11.0,13.4,2.052781056,12.5,l3,8.8,19.2,0.01,ZCU104-FINN_INT4_12.50%_CNV,0.0007032421730485322,INT4_ZCU104-FINN,ZCU104-FINN_INT4_CNV_12.5
CNV,ZCU104-FINN,INT4,,512,,20.48,,25146.112999999998,,201.63853280638799,75.85,,9.2,11.0,13.5,4.105562112,12.5,l3,8.8,19.2,0.01,ZCU104-FINN_INT4_12.50%_CNV,0.0014064843460970644,INT4_ZCU104-FINN,ZCU104-FINN_INT4_CNV_12.5
CNV,ZCU104-FINN,INT4,,10000,,396.73,,25206.016,,202.11887555481601,75.85,,9.2,11.0,14.3475,80.18676,12.5,l3,8.8,19.2,0.01,ZCU104-FINN_INT4_12.50%_CNV,0.0272458268860883,INT4_ZCU104-FINN,ZCU104-FINN_INT4_CNV_12.5
CNV,ZCU104-FINN,INT4,,1,,0.161,,6211.18,,189.51385956376,81.09,,9.2,11.5,13.85,0.030511732,25.0,l3,8.8,19.2,0.03,ZCU104-FINN_INT4_25%_CNV,1.1056834947345088e-05,INT4_ZCU104-FINN,ZCU104-FINN_INT4_CNV_25.0
CNV,ZCU104-FINN,INT4,,2,,0.244,,8163.265,,249.07535392498002,81.09,,9.2,11.5,13.85,0.061023464,25.0,l3,8.8,19.2,0.03,ZCU104-FINN_INT4_25%_CNV,1.6756942404672058e-05,INT4_ZCU104-FINN,ZCU104-FINN_INT4_CNV_25.0
CNV,ZCU104-FINN,INT4,,4,,0.396,,10075.567,,307.42300005204396,81.09,,9.2,11.5,14.2,0.122046928,25.0,l3,8.8,19.2,0.03,ZCU104-FINN_INT4_25%_CNV,2.7195693410861207e-05,INT4_ZCU104-FINN,ZCU104-FINN_INT4_CNV_25.0
CNV,ZCU104-FINN,INT4,,8,,0.664,,12121.212,,369.83917205918397,81.09,,9.2,11.5,13.8,0.244093856,25.0,l3,8.8,19.2,0.03,ZCU104-FINN_INT4_25%_CNV,4.560085965861576e-05,INT4_ZCU104-FINN,ZCU104-FINN_INT4_CNV_25.0
CNV,ZCU104-FINN,INT4,,16,,1.1840000000000002,,13547.841,,413.368093770612,81.09,,9.2,11.5,13.875,0.488187712,25.0,l3,8.8,19.2,0.03,ZCU104-FINN_INT4_25%_CNV,8.131237625873655e-05,INT4_ZCU104-FINN,ZCU104-FINN_INT4_CNV_25.0
CNV,ZCU104-FINN,INT4,,32,,2.24,,14388.489,,439.017720252948,81.09,,9.2,11.5,13.925,0.976375424,25.0,l3,8.8,19.2,0.03,ZCU104-FINN_INT4_25%_CNV,0.00015383422535436643,INT4_ZCU104-FINN,ZCU104-FINN_INT4_CNV_25.0
CNV,ZCU104-FINN,INT4,,64,,4.288,,14852.633999999998,,453.17958810208796,81.09,,9.2,11.5,13.9,1.952750848,25.0,l3,8.8,19.2,0.03,ZCU104-FINN_INT4_25%_CNV,0.00029448265996407286,INT4_ZCU104-FINN,ZCU104-FINN_INT4_CNV_25.0
CNV,ZCU104-FINN,INT4,,128,,8.448,,15094.34,,460.55445679688,81.09,,9.2,11.5,14.25,3.905501696,25.0,l3,8.8,19.2,0.03,ZCU104-FINN_INT4_25%_CNV,0.0005801747927650391,INT4_ZCU104-FINN,ZCU104-FINN_INT4_CNV_25.0
CNV,ZCU104-FINN,INT4,,256,,16.896,,15219.071000000002,,464.36021564097206,81.09,,9.2,11.5,14.95,7.811003392,25.0,l3,8.8,19.2,0.03,ZCU104-FINN_INT4_25%_CNV,0.0011603495855300782,INT4_ZCU104-FINN,ZCU104-FINN_INT4_CNV_25.0
CNV,ZCU104-FINN,INT4,,512,,33.28,,15282.214,,466.286817934648,81.09,,9.2,11.5,15.4,15.622006784,25.0,l3,8.8,19.2,0.03,ZCU104-FINN_INT4_25%_CNV,0.00228553706240773,INT4_ZCU104-FINN,ZCU104-FINN_INT4_CNV_25.0
CNV,ZCU104-FINN,INT4,,10000,,651.779,,15342.62,,468.12990961784004,81.09,,9.2,11.5,16.625,305.11732,25.0,l3,8.8,19.2,0.03,ZCU104-FINN_INT4_25%_CNV,0.04476157034251946,INT4_ZCU104-FINN,ZCU104-FINN_INT4_CNV_25.0
CNV,ZCU104-FINN,INT4,,1,,0.507,,1972.3870000000002,,234.56343363913203,84.88,,9.2,12.0,14.675,0.118923636,50.0,l3,8.8,19.2,0.12,ZCU104-FINN_INT4_50%_CNV,3.481872868511776e-05,INT4_ZCU104-FINN,ZCU104-FINN_INT4_CNV_50.0
CNV,ZCU104-FINN,INT4,,2,,0.68,,2941.176,,349.775344035936,84.88,,9.2,12.0,14.475,0.237847272,50.0,l3,8.8,19.2,0.12,ZCU104-FINN_INT4_50%_CNV,4.6699675554004096e-05,INT4_ZCU104-FINN,ZCU104-FINN_INT4_CNV_50.0
CNV,ZCU104-FINN,INT4,,4,,0.972,,4115.226,,489.39763888173593,84.88,,9.2,12.0,14.75,0.475694544,50.0,l3,8.8,19.2,0.12,ZCU104-FINN_INT4_50%_CNV,6.675306564484114e-05,INT4_ZCU104-FINN,ZCU104-FINN_INT4_CNV_50.0
CNV,ZCU104-FINN,INT4,,8,,1.456,,5486.968000000001,,652.5301851756481,84.88,,9.2,12.0,15.0,0.951389088,50.0,l3,8.8,19.2,0.12,ZCU104-FINN_INT4_50%_CNV,9.999224648033817e-05,INT4_ZCU104-FINN,ZCU104-FINN_INT4_CNV_50.0
CNV,ZCU104-FINN,INT4,,16,,2.432,,6576.243,,782.0707287795481,84.88,,9.2,12.0,14.975,1.902778176,50.0,l3,8.8,19.2,0.12,ZCU104-FINN_INT4_50%_CNV,0.0001670200160990264,INT4_ZCU104-FINN,ZCU104-FINN_INT4_CNV_50.0
CNV,ZCU104-FINN,INT4,,32,,4.3839999999999995,,7304.268,,868.650108878448,84.88,,9.2,12.0,14.975,3.805556352,50.0,l3,8.8,19.2,0.12,ZCU104-FINN_INT4_50%_CNV,0.0003010755553364028,INT4_ZCU104-FINN,ZCU104-FINN_INT4_CNV_50.0
CNV,ZCU104-FINN,INT4,,64,,8.25,,7732.27,,919.54966293372,84.88,,9.2,12.0,15.8,7.611112704,50.0,l3,8.8,19.2,0.12,ZCU104-FINN_INT4_50%_CNV,0.0005665769460596084,INT4_ZCU104-FINN,ZCU104-FINN_INT4_CNV_50.0
CNV,ZCU104-FINN,INT4,,128,,16.128,,7965.151999999999,,947.2448371326719,84.88,,9.2,12.0,17.125,15.222225408,50.0,l3,8.8,19.2,0.12,ZCU104-FINN_INT4_50%_CNV,0.0011076064225514382,INT4_ZCU104-FINN,ZCU104-FINN_INT4_CNV_50.0
CNV,ZCU104-FINN,INT4,,256,,31.744,,8086.935,,961.72771429566,84.88,,9.2,12.0,20.275,30.444450816,50.0,l3,8.8,19.2,0.12,ZCU104-FINN_INT4_50%_CNV,0.00218005073645045,INT4_ZCU104-FINN,ZCU104-FINN_INT4_CNV_50.0
CNV,ZCU104-FINN,INT4,,512,,62.976000000000006,,8149.233,,969.136418971188,84.88,,9.2,12.0,21.175,60.888901632,50.0,l3,8.8,19.2,0.12,ZCU104-FINN_INT4_50%_CNV,0.004324939364248473,INT4_ZCU104-FINN,ZCU104-FINN_INT4_CNV_50.0
CNV,ZCU104-FINN,INT4,,10000,,1218.125,,8209.332,,976.283610571152,84.88,,9.2,12.0,21.3575,1189.23636,50.0,l3,8.8,19.2,0.12,ZCU104-FINN_INT4_50%_CNV,0.08365594453561946,INT4_ZCU104-FINN,ZCU104-FINN_INT4_CNV_50.0
CNV,ZCU104-FINN,INT4,,1,,4.874,,205.17,,96.31705649999999,87.42,,9.2,11.8,15.025,0.46945,100.0,l3,8.8,19.2,0.47,ZCU104-FINN_INT4_100%_CNV,0.00033472679213267047,INT4_ZCU104-FINN,ZCU104-FINN_INT4_CNV_100.0
CNV,ZCU104-FINN,INT4,,2,,6.872000000000001,,291.078,,136.64656709999997,87.42,,9.2,11.8,15.4,0.9389,100.0,l3,8.8,19.2,0.47,ZCU104-FINN_INT4_100%_CNV,0.0004719414270692885,INT4_ZCU104-FINN,ZCU104-FINN_INT4_CNV_100.0
CNV,ZCU104-FINN,INT4,,4,,9.884,,404.694,,189.9835983,87.42,,9.2,11.8,15.875,1.8778,100.0,l3,8.8,19.2,0.47,ZCU104-FINN_INT4_100%_CNV,0.0006787935193761418,INT4_ZCU104-FINN,ZCU104-FINN_INT4_CNV_100.0
CNV,ZCU104-FINN,INT4,,8,,15.704,,509.35900000000004,,239.11858255,87.42,,9.2,11.8,16.7,3.7556,100.0,l3,8.8,19.2,0.47,ZCU104-FINN_INT4_100%_CNV,0.0010784878013236476,INT4_ZCU104-FINN,ZCU104-FINN_INT4_CNV_100.0
CNV,ZCU104-FINN,INT4,,16,,27.344,,584.988,,274.6226166,87.42,,9.2,11.8,17.575,7.5112,100.0,l3,8.8,19.2,0.47,ZCU104-FINN_INT4_100%_CNV,0.0018778763652186588,INT4_ZCU104-FINN,ZCU104-FINN_INT4_CNV_100.0
CNV,ZCU104-FINN,INT4,,32,,50.656000000000006,,631.874,,296.6332493,87.42,,9.2,11.8,19.25,15.0224,100.0,l3,8.8,19.2,0.47,ZCU104-FINN_INT4_100%_CNV,0.0034788511247994583,INT4_ZCU104-FINN,ZCU104-FINN_INT4_CNV_100.0
CNV,ZCU104-FINN,INT4,,64,,97.21600000000001,,658.2669999999999,,309.02344314999993,87.42,,9.2,11.8,19.3,30.0448,100.0,l3,8.8,19.2,0.47,ZCU104-FINN_INT4_100%_CNV,0.006676405380379503,INT4_ZCU104-FINN,ZCU104-FINN_INT4_CNV_100.0
CNV,ZCU104-FINN,INT4,,128,,190.33599999999998,,672.301,,315.61170445,87.42,,9.2,11.8,19.275,60.0896,100.0,l3,8.8,19.2,0.47,ZCU104-FINN_INT4_100%_CNV,0.013071513891539592,INT4_ZCU104-FINN,ZCU104-FINN_INT4_CNV_100.0
CNV,ZCU104-FINN,INT4,,256,,376.832,,679.548,,319.0138086,87.42,,9.2,11.8,19.35,120.1792,100.0,l3,8.8,19.2,0.47,ZCU104-FINN_INT4_100%_CNV,0.025879311968185985,INT4_ZCU104-FINN,ZCU104-FINN_INT4_CNV_100.0
CNV,ZCU104-FINN,INT4,,512,,749.568,,683.2289999999999,,320.74185405,87.42,,9.2,11.8,19.375,240.3584,100.0,l3,8.8,19.2,0.47,ZCU104-FINN_INT4_100%_CNV,0.05147732706715256,INT4_ZCU104-FINN,ZCU104-FINN_INT4_CNV_100.0
CNV,ZCU104-FINN,INT4,,10000,,14561.128999999999,,686.76,,322.399482,87.42,,9.2,11.8,19.7625,4694.5,100.0,l3,8.8,19.2,0.47,ZCU104-FINN_INT4_100%_CNV,1.0,INT4_ZCU104-FINN,ZCU104-FINN_INT4_CNV_100.0
