NN_Topology,HWType,Precision,Op mode,batch/thread/stream,lat-comp,fps-system,fps-comp,tp-system,tp-comp,top1,top5 [%],BasePWR [W],IdlePWR [W],FullPwr [W],GOPS,PruningFactor,level,hw_quant_prun,norm-lat-comp,quant_model
CNV,NCS,FP16,na,1,4.97914,151.555,200.838,,,87.02,,0.53,1.2,1.728796,0.46944972799999996,100.0,l3,NCS_FP16_100%,0.0003419473860852411,FP16_NCS
CNV,NCS,FP16,na,2,8.93829,162.738,223.757,,,87.02,,0.53,1.2,1.7803,0.9388994559999999,100.0,l3,NCS_FP16_100%,0.0006138459455994106,FP16_NCS
CNV,NCS,FP16,na,4,16.8473,171.28400000000002,237.426,,,87.02,,0.53,1.2,1.82302425,1.8777989119999998,100.0,l3,NCS_FP16_100%,0.00115700506464849,FP16_NCS
CNV,NCS,FP16,na,8,31.8658,177.25900000000001,251.053,,,87.02,,0.53,1.2,1.86092125,3.7555978239999996,100.0,l3,NCS_FP16_100%,0.0021884154724540936,FP16_NCS
CNV,NCS,FP16,na,16,61.7732,181.62099999999998,259.012,,,87.02,,0.53,1.2,1.87945948717949,7.511195647999999,100.0,l3,NCS_FP16_100%,0.0042423358793126555,FP16_NCS
CNV,NCS,FP16,na,32,121.825,183.067,262.673,,,87.02,,0.53,1.2,1.9037246153846201,15.022391295999999,100.0,l3,NCS_FP16_100%,0.00836645290348022,FP16_NCS
CNV,NCS,FP16,na,64,242.09799999999998,183.706,264.356,,,87.02,,0.53,1.2,1.9036710526315799,30.044782591999997,100.0,l3,NCS_FP16_100%,0.016626320665107767,FP16_NCS
CNV,NCS,FP16,na,128,481.675,184.24,265.73900000000003,,,87.02,,0.53,1.2,1.9110200000000002,60.089565183999994,100.0,l3,NCS_FP16_100%,0.03307950915069841,FP16_NCS
CNV,GPU,FP16,maxp,1,1.3044,567.942,785.6389999999999,,,87.06,,1.8,4.7,10.3,0.46944972799999996,100.0,l3,GPU_FP16_100%,8.958096587153373e-05,FP16_GPU
CNV,GPU,FP16,maxp,2,2.0865,695.18,976.935,,,87.06,,1.8,4.7,10.4,0.9388994559999999,100.0,l3,GPU_FP16_100%,0.0001432924603579846,FP16_GPU
CNV,GPU,FP16,maxp,4,3.46883,867.797,1153.66,,,87.06,,1.8,4.7,10.1,1.8777989119999998,100.0,l3,GPU_FP16_100%,0.00023822534639999414,FP16_GPU
CNV,GPU,FP16,maxp,8,5.500290000000001,1048.11,1454.76,,,87.06,,1.8,4.7,10.9,3.7555978239999996,100.0,l3,GPU_FP16_100%,0.0003777378800778429,FP16_GPU
CNV,GPU,FP16,maxp,16,9.843110000000001,1149.27,1666.98,,,87.06,,1.8,4.7,10.9,7.511195647999999,100.0,l3,GPU_FP16_100%,0.0006759853580034901,FP16_GPU
CNV,GPU,FP16,maxp,32,17.6312,1232.25,1831.75,,,87.06,,1.8,4.7,10.9,15.022391295999999,100.0,l3,GPU_FP16_100%,0.001210840175923172,FP16_GPU
CNV,GPU,FP16,maxp,64,33.6549,1286.43,1909.28,,,87.06,,1.8,4.7,10.9,30.044782591999997,100.0,l3,GPU_FP16_100%,0.0023112836923565474,FP16_GPU
CNV,GPU,FP16,maxp,128,66.3648,1302.8,1939.6,,,87.06,,1.8,4.7,10.8,60.089565183999994,100.0,l3,GPU_FP16_100%,0.004557668570891722,FP16_GPU
CNV,GPU,FP32,maxp,1,1.9405,430.25199999999995,515.51,,,87.06,,1.8,4.7,11.1,0.46944972799999996,100.0,l3,GPU_FP32_100%,0.0001332657653125661,FP32_GPU
CNV,GPU,FP32,maxp,2,3.3455199999999996,501.224,598.786,,,87.06,,1.8,4.7,12.4,0.9388994559999999,100.0,l3,GPU_FP32_100%,0.00022975690964622316,FP32_GPU
CNV,GPU,FP32,maxp,4,5.68452,585.812,703.573,,,87.06,,1.8,4.7,11.8,1.8777989119999998,100.0,l3,GPU_FP32_100%,0.0003903900583533049,FP32_GPU
CNV,GPU,FP32,maxp,8,9.38038,691.425,851.171,,,87.06,,1.8,4.7,11.8,3.7555978239999996,100.0,l3,GPU_FP32_100%,0.0006442069155489249,FP32_GPU
CNV,GPU,FP32,maxp,16,16.9903,757.3960000000001,954.7660000000001,,,87.06,,1.8,4.7,11.7,7.511195647999999,100.0,l3,GPU_FP32_100%,0.0011668257317135231,FP32_GPU
CNV,GPU,FP32,maxp,32,31.2828,809.4860000000001,1031.79,,,87.06,,1.8,4.7,11.6,15.022391295999999,100.0,l3,GPU_FP32_100%,0.0021483773682658813,FP32_GPU
CNV,GPU,FP32,maxp,64,61.0857,829.822,1057.7,,,87.06,,1.8,4.7,12.4,30.044782591999997,100.0,l3,GPU_FP32_100%,0.0041951211338076885,FP32_GPU
CNV,GPU,FP32,maxp,128,119.45299999999999,839.3439999999999,1072.66,,,87.06,,1.8,4.7,12.4,60.089565183999994,100.0,l3,GPU_FP32_100%,0.008203553446988898,FP32_GPU
CNV,ZCU104-FINN,INT4,,1,4.874,,205.17,,96.31700069376,87.42,,9.2,11.8,15.025,0.46944972799999996,100.0,l3,ZCU104-FINN_INT4_100%,0.00033472679213267047,INT4_ZCU104-FINN
CNV,ZCU104-FINN,INT4,,2,6.872000000000001,,291.078,,136.646487926784,87.42,,9.2,11.8,15.4,0.9388994559999999,100.0,l3,ZCU104-FINN_INT4_100%,0.0004719414270692885,INT4_ZCU104-FINN
CNV,ZCU104-FINN,INT4,,4,9.884,,404.694,,189.983488223232,87.42,,9.2,11.8,15.875,1.8777989119999998,100.0,l3,ZCU104-FINN_INT4_100%,0.0006787935193761418,INT4_ZCU104-FINN
CNV,ZCU104-FINN,INT4,,8,15.704,,509.35900000000004,,239.118444004352,87.42,,9.2,11.8,16.7,3.7555978239999996,100.0,l3,ZCU104-FINN_INT4_100%,0.0010784878013236476,INT4_ZCU104-FINN
CNV,ZCU104-FINN,INT4,,16,27.344,,584.988,,274.622457483264,87.42,,9.2,11.8,17.575,7.511195647999999,100.0,l3,ZCU104-FINN_INT4_100%,0.0018778763652186588,INT4_ZCU104-FINN
CNV,ZCU104-FINN,INT4,,32,50.656000000000006,,631.874,,296.633077430272,87.42,,9.2,11.8,19.25,15.022391295999999,100.0,l3,ZCU104-FINN_INT4_100%,0.0034788511247994583,INT4_ZCU104-FINN
CNV,ZCU104-FINN,INT4,,64,97.21600000000001,,658.2669999999999,,309.023264101376,87.42,,9.2,11.8,19.3,30.044782591999997,100.0,l3,ZCU104-FINN_INT4_100%,0.006676405380379503,INT4_ZCU104-FINN
CNV,ZCU104-FINN,INT4,,128,190.33599999999998,,672.301,,315.611521584128,87.42,,9.2,11.8,19.275,60.089565183999994,100.0,l3,ZCU104-FINN_INT4_100%,0.013071513891539592,INT4_ZCU104-FINN
CNV,ZCU104-FINN,INT4,,256,376.832,,679.548,,319.013623762944,87.42,,9.2,11.8,19.35,120.17913036799999,100.0,l3,ZCU104-FINN_INT4_100%,0.025879311968185985,INT4_ZCU104-FINN
CNV,ZCU104-FINN,INT4,,512,749.568,,683.2289999999999,,320.741668211712,87.42,,9.2,11.8,19.375,240.35826073599998,100.0,l3,ZCU104-FINN_INT4_100%,0.05147732706715256,INT4_ZCU104-FINN
CNV,ZCU104-FINN,INT4,,10000,14561.128999999999,,686.76,,322.39929520128,88.42,,9.2,11.8,19.7625,4694.49728,100.0,l3,ZCU104-FINN_INT4_100%,1.0,INT4_ZCU104-FINN
CNV,ZCU104-FINN,INT2,,1,1.2990000000000002,,769.823,,361.393197958144,86.86,,9.2,11.6,14.3,0.46944972799999996,100.0,l3,ZCU104-FINN_INT2_100%,8.921011550684018e-05,INT2_ZCU104-FINN
CNV,ZCU104-FINN,INT2,,2,1.784,,1121.076,,526.288823267328,86.86,,9.2,11.6,14.425,0.9388994559999999,100.0,l3,ZCU104-FINN_INT2_100%,0.00012251797233579897,INT2_ZCU104-FINN
CNV,ZCU104-FINN,INT2,,4,2.6,,1539.0529999999999,,722.5080122275841,86.86,,9.2,11.6,14.475,1.8777989119999998,100.0,l3,ZCU104-FINN_INT2_100%,0.00017855758300060388,INT2_ZCU104-FINN
CNV,ZCU104-FINN,INT2,,8,3.928,,2034.588,,955.1367831920641,86.86,,9.2,11.6,14.35,3.7555978239999996,100.0,l3,ZCU104-FINN_INT2_100%,0.0002697593023178354,INT2_ZCU104-FINN
CNV,ZCU104-FINN,INT2,,16,6.5920000000000005,,2425.345,,1138.57755055616,86.86,,9.2,11.6,14.825,7.511195647999999,100.0,l3,ZCU104-FINN_INT2_100%,0.0004527121488999926,INT2_ZCU104-FINN
CNV,ZCU104-FINN,INT2,,32,11.936,,2682.763,,1259.4223606384598,86.86,,9.2,11.6,14.95,15.022391295999999,100.0,l3,ZCU104-FINN_INT2_100%,0.0008197166579596954,INT2_ZCU104-FINN
CNV,ZCU104-FINN,INT2,,64,22.592,,2832.987,,1329.94497657754,86.86,,9.2,11.6,15.925,30.044782591999997,100.0,l3,ZCU104-FINN_INT2_100%,0.001551528044288324,INT2_ZCU104-FINN
CNV,ZCU104-FINN,INT2,,128,43.903999999999996,,2914.655,,1368.28399696384,86.86,,9.2,11.6,17.175,60.089565183999994,100.0,l3,ZCU104-FINN_INT2_100%,0.003015150816945582,INT2_ZCU104-FINN
CNV,ZCU104-FINN,INT2,,256,86.52799999999999,,2957.315,,1388.31072236032,86.86,,9.2,11.6,17.175,120.17913036799999,100.0,l3,ZCU104-FINN_INT2_100%,0.005942396362260097,INT2_ZCU104-FINN
CNV,ZCU104-FINN,INT2,,512,172.032,,2979.0820000000003,,1398.5292345897,86.86,,9.2,11.6,17.175,240.35826073599998,100.0,l3,ZCU104-FINN_INT2_100%,0.011814468507215342,INT2_ZCU104-FINN
CNV,NCS,FP16,na,1,2.3854900000000003,251.922,419.20099999999996,,,85.55,,0.53,1.2,1.6554008695652198,0.11892275199999999,50.0,l3,NCS_FP16_50%,0.00016382589564311947,FP16_NCS
CNV,NCS,FP16,na,2,3.9390199999999997,284.481,507.74,,,85.55,,0.53,1.2,1.67672,0.23784550399999999,50.0,l3,NCS_FP16_50%,0.00027051611176578407,FP16_NCS
CNV,NCS,FP16,na,4,6.68938,310.97900000000004,597.9630000000001,,,85.55,,0.53,1.2,1.71,0.47569100799999997,50.0,l3,NCS_FP16_50%,0.00045939981714329984,FP16_NCS
CNV,NCS,FP16,na,8,12.4153,321.433,644.367,,,85.55,,0.53,1.2,1.73,0.9513820159999999,50.0,l3,NCS_FP16_50%,0.000852633061625922,FP16_NCS
CNV,NCS,FP16,na,16,23.1369,334.42800000000005,691.5369999999999,,,85.55,,0.53,1.2,1.75,1.9027640319999999,50.0,l3,NCS_FP16_50%,0.001588949593125643,FP16_NCS
CNV,NCS,FP16,na,32,44.7066,338.17800000000005,715.779,,,85.55,,0.53,1.2,1.77,3.8055280639999998,50.0,l3,NCS_FP16_50%,0.003070270169297999,FP16_NCS
CNV,NCS,FP16,na,64,87.2444,342.12,733.571,,,85.55,,0.53,1.2,1.78,7.6110561279999995,50.0,l3,NCS_FP16_50%,0.005991595843976109,FP16_NCS
CNV,NCS,FP16,na,128,173.158,345.16900000000004,739.209,,,85.55,,0.53,1.2,1.8,15.222112255999999,50.0,l3,NCS_FP16_50%,0.011891797675853294,FP16_NCS
CNV,GPU,FP16,maxp,1,0.608011,965.127,1740.87,,,85.57,,1.8,4.7,7.8,,50.0,l3,GPU_FP16_50%,4.175575946068468e-05,FP16_GPU
CNV,GPU,FP16,maxp,2,0.862916,1272.05,2359.87,,,85.57,,1.8,4.7,7.7,,50.0,l3,GPU_FP16_50%,5.9261613574057346e-05,FP16_GPU
CNV,GPU,FP16,maxp,4,1.31284,1568.15,3121.11,,,85.57,,1.8,4.7,8.4,,50.0,l3,GPU_FP16_50%,9.016059125635108e-05,FP16_GPU
CNV,GPU,FP16,maxp,8,1.8905299999999998,1906.89,4365.68,,,85.57,,1.8,4.7,8.4,,50.0,l3,GPU_FP16_50%,0.0001298340259192814,FP16_GPU
CNV,GPU,FP16,maxp,16,3.09003,2155.79,5392.77,,,85.57,,1.8,4.7,7.6,,50.0,l3,GPU_FP16_50%,0.00021221088007667538,FP16_GPU
CNV,GPU,FP16,maxp,32,5.44719,2316.74,6025.16,,,85.57,,1.8,4.7,7.5,,50.0,l3,GPU_FP16_50%,0.00037409118482502286,FP16_GPU
CNV,GPU,FP16,maxp,64,10.1511,2432.3,6478.43,,,85.57,,1.8,4.7,7.5,,50.0,l3,GPU_FP16_50%,0.0006971368772297808,FP16_GPU
CNV,GPU,FP16,maxp,128,19.2563,2528.4,6618.15,,,85.57,,1.8,4.7,8.4,,50.0,l3,GPU_FP16_50%,0.0013224455328978955,FP16_GPU
CNV,GPU,FP32,maxp,1,0.7516649999999999,853.3330000000001,1327.07,,,85.6,,1.8,4.7,8.5,,50.0,l3,GPU_FP32_50%,5.162134062544189e-05,FP32_GPU
CNV,GPU,FP32,maxp,2,1.2014799999999999,1058.95,1675.52,,,85.6,,1.8,4.7,9.2,,50.0,l3,GPU_FP32_50%,8.251283262444828e-05,FP32_GPU
CNV,GPU,FP32,maxp,4,2.02807,1245.74,2001.73,,,85.6,,1.8,4.7,9.2,,50.0,l3,GPU_FP32_50%,0.00013927972206001336,FP32_GPU
CNV,GPU,FP32,maxp,8,3.0600099999999997,1508.1,2638.56,,,85.6,,1.8,4.7,9.1,,50.0,l3,GPU_FP32_50%,0.000210149226752953,FP32_GPU
CNV,GPU,FP32,maxp,16,5.21547,1678.69,3124.47,,,85.6,,1.8,4.7,9.3,,50.0,l3,GPU_FP32_50%,0.00035817758362006135,FP32_GPU
CNV,GPU,FP32,maxp,32,9.29947,1818.83,3455.32,,,85.6,,1.8,4.7,9.2,,50.0,l3,GPU_FP32_50%,0.0006386503409179329,FP32_GPU
CNV,GPU,FP32,maxp,64,17.423,1903.35,3713.93,,,85.6,,1.8,4.7,9.3,,50.0,l3,GPU_FP32_50%,0.0011965418340844313,FP32_GPU
CNV,GPU,FP32,maxp,128,33.7164,1943.07,3744.29,,,85.6,,1.8,4.7,9.3,,50.0,l3,GPU_FP32_50%,0.0023155072659544465,FP32_GPU
CNV,ZCU104-FINN,INT4,,1,0.507,,1972.3870000000002,,234.561690049024,84.88,,9.2,12.0,14.675,,50.0,l3,ZCU104-FINN_INT4_50%,3.481872868511776e-05,INT4_ZCU104-FINN
CNV,ZCU104-FINN,INT4,,2,0.68,,2941.176,,349.772744036352,84.88,,9.2,12.0,14.475,,50.0,l3,ZCU104-FINN_INT4_50%,4.6699675554004096e-05,INT4_ZCU104-FINN
CNV,ZCU104-FINN,INT4,,4,0.972,,4115.226,,489.39400102195196,84.88,,9.2,12.0,14.75,,50.0,l3,ZCU104-FINN_INT4_50%,6.675306564484114e-05,INT4_ZCU104-FINN
CNV,ZCU104-FINN,INT4,,8,1.456,,5486.968000000001,,652.525334695936,84.88,,9.2,12.0,15.0,,50.0,l3,ZCU104-FINN_INT4_50%,9.999224648033817e-05,INT4_ZCU104-FINN
CNV,ZCU104-FINN,INT4,,16,2.432,,6576.243,,782.0649153807359,84.88,,9.2,12.0,14.975,,50.0,l3,ZCU104-FINN_INT4_50%,0.0001670200160990264,INT4_ZCU104-FINN
CNV,ZCU104-FINN,INT4,,32,4.3839999999999995,,7304.268,,868.643651905536,84.88,,9.2,12.0,14.975,,50.0,l3,ZCU104-FINN_INT4_50%,0.0003010755553364028,INT4_ZCU104-FINN
CNV,ZCU104-FINN,INT4,,64,8.25,,7732.27,,919.5428276070401,84.88,,9.2,12.0,15.8,,50.0,l3,ZCU104-FINN_INT4_50%,0.0005665769460596084,INT4_ZCU104-FINN
CNV,ZCU104-FINN,INT4,,128,16.128,,7965.151999999999,,947.237795938304,84.88,,9.2,12.0,17.125,,50.0,l3,ZCU104-FINN_INT4_50%,0.0011076064225514382,INT4_ZCU104-FINN
CNV,ZCU104-FINN,INT4,,256,31.744,,8086.935,,961.72056544512,84.88,,9.2,12.0,20.275,,50.0,l3,ZCU104-FINN_INT4_50%,0.00218005073645045,INT4_ZCU104-FINN
CNV,ZCU104-FINN,INT4,,512,62.976000000000006,,8149.233,,969.129215049216,84.88,,9.2,12.0,21.175,,50.0,l3,ZCU104-FINN_INT4_50%,0.004324939364248473,INT4_ZCU104-FINN
CNV,ZCU104-FINN,INT4,,10000,1218.125,,8209.332,,976.276353521664,85.88,,9.2,12.0,21.3575,,50.0,l3,ZCU104-FINN_INT4_50%,0.08365594453561946,INT4_ZCU104-FINN
CNV,ZCU104-FINN,INT2,,1,0.27,,3703.704,,440.454672273408,84.29,,9.2,12.0,13.75,,50.0,l3,ZCU104-FINN_INT2_50%,1.8542518234678098e-05,INT2_ZCU104-FINN
CNV,ZCU104-FINN,INT2,,2,0.366,,5449.590999999999,,648.080358994432,84.29,,9.2,12.0,13.725,,50.0,l3,ZCU104-FINN_INT2_50%,2.5135413607008085e-05,INT2_ZCU104-FINN
CNV,ZCU104-FINN,INT2,,4,0.528,,7575.758000000001,,900.9299898460159,84.29,,9.2,12.0,13.475,,50.0,l3,ZCU104-FINN_INT2_50%,3.626092454781494e-05,INT2_ZCU104-FINN
CNV,ZCU104-FINN,INT2,,8,0.7759999999999999,,10309.278,,1226.00771089306,84.29,,9.2,12.0,13.475,,50.0,l3,ZCU104-FINN_INT2_50%,5.329257092633407e-05,INT2_ZCU104-FINN
CNV,ZCU104-FINN,INT2,,16,1.248,,12892.828000000001,,1533.25058682266,84.29,,9.2,12.0,13.675,,50.0,l3,ZCU104-FINN_INT2_50%,8.570763984028987e-05,INT2_ZCU104-FINN
CNV,ZCU104-FINN,INT2,,32,2.176,,14739.751,,1752.89175271475,84.29,,9.2,12.0,13.5,,50.0,l3,ZCU104-FINN_INT2_50%,0.0001494389617728131,INT2_ZCU104-FINN
CNV,ZCU104-FINN,INT2,,64,4.032,,15880.893,,1888.59949977754,84.29,,9.2,12.0,13.775,,50.0,l3,ZCU104-FINN_INT2_50%,0.00027690160563785955,INT2_ZCU104-FINN
CNV,ZCU104-FINN,INT2,,128,7.808,,16516.129,,1964.1435130670102,84.29,,9.2,12.0,14.1,,50.0,l3,ZCU104-FINN_INT2_50%,0.0005362221569495058,INT2_ZCU104-FINN
CNV,ZCU104-FINN,INT2,,256,15.104000000000001,,16855.412,,2004.49198113382,84.29,,9.2,12.0,14.875,,50.0,l3,ZCU104-FINN_INT2_50%,0.001037282205246585,INT2_ZCU104-FINN
CNV,ZCU104-FINN,INT2,,512,30.208000000000002,,17029.769,,2025.22699540429,84.29,,9.2,12.0,15.775,,50.0,l3,ZCU104-FINN_INT2_50%,0.00207456441049317,INT2_ZCU104-FINN
CNV,ZCU104-Bismo,INT2,,2,9.1143339,,219.43457656296698,,,84.29,,9.2,,15.0,,50.0,l3,ZCU104-Bismo_INT2_50%,0.0006259359353247953,INT2_ZCU104-Bismo
CNV,ZCU104-Bismo,INT2,,4,16.680774,,239.79702620513902,,,84.29,,9.2,,15.15,,50.0,l3,ZCU104-Bismo_INT2_50%,0.001145568726161275,INT2_ZCU104-Bismo
CNV,ZCU104-Bismo,INT2,,8,31.695207699999997,,252.40408820542302,,,84.29,,9.2,,15.25,,50.0,l3,ZCU104-Bismo_INT2_50%,0.002176699876774665,INT2_ZCU104-Bismo
CNV,ZCU104-Bismo,INT2,,16,63.4222652,,252.277334301204,,,84.29,,9.2,,15.475,,50.0,l3,ZCU104-Bismo_INT2_50%,0.004355587070205889,INT2_ZCU104-Bismo
CNV,ZCU104-Bismo,INT2,,32,121.25561370000001,,263.90530733836005,,,84.29,,9.2,,15.475,,50.0,l3,ZCU104-Bismo_INT2_50%,0.008327349733664197,INT2_ZCU104-Bismo
CNV,ZCU104-Bismo,INT2,,64,247.77383799999998,,258.300071212522,,,84.29,,9.2,,15.6,,50.0,l3,ZCU104-Bismo_INT2_50%,0.017016114478485837,INT2_ZCU104-Bismo
CNV,ZCU104-Bismo,INT2,,128,498.197604,,256.92616538557303,,,84.29,,9.2,,15.75,,50.0,l3,ZCU104-Bismo_INT2_50%,0.03421421539497384,INT2_ZCU104-Bismo
CNV,A53-gemmlowp,INT2,,2,34.132,,58.596038907769795,,,84.29,,9.2,,14.5,,50.0,l3,A53-gemmlowp_INT2_50%,0.0023440490088371584,INT2_A53-gemmlowp
CNV,A53-gemmlowp,INT2,,4,52.668,,75.947444368497,,,84.29,,9.2,,14.5,,50.0,l3,A53-gemmlowp_INT2_50%,0.0036170272236445405,INT2_A53-gemmlowp
CNV,A53-gemmlowp,INT2,,8,89.495,,89.39046874127051,,,84.29,,9.2,,14.5,,50.0,l3,A53-gemmlowp_INT2_50%,0.006146158034861171,INT2_A53-gemmlowp
CNV,A53-gemmlowp,INT2,,16,164.93900000000002,,97.00555963113639,,,84.29,,9.2,,14.5,,50.0,l3,A53-gemmlowp_INT2_50%,0.011327349685591003,INT2_A53-gemmlowp
CNV,A53-gemmlowp,INT2,,32,320.24,,99.92505620784408,,,84.29,,9.2,,14.5,,50.0,l3,A53-gemmlowp_INT2_50%,0.021992800146197457,INT2_A53-gemmlowp
CNV,A53-gemmlowp,INT2,,64,620.131,,103.20400044506701,,,84.29,,9.2,,14.5,,50.0,l3,A53-gemmlowp_INT2_50%,0.04258811250144134,INT2_A53-gemmlowp
CNV,A53-gemmlowp,INT2,,128,1227.069,,104.313612355947,,,84.29,,9.2,,14.5,,50.0,l3,A53-gemmlowp_INT2_50%,0.08427018262114154,INT2_A53-gemmlowp
CNV,NCS,FP16,na,1,1.95433,285.517,511.684,,,83.28,,0.53,1.2,1.59,0.030510847999999997,25.0,l3,NCS_FP16_25%,0.00013421555430214238,FP16_NCS
CNV,NCS,FP16,na,2,2.80634,344.874,712.672,,,83.28,,0.53,1.2,1.62,0.06102169599999999,25.0,l3,NCS_FP16_25%,0.00019272818749150567,FP16_NCS
CNV,NCS,FP16,na,4,4.62598,372.73,864.682,,,83.28,,0.53,1.2,1.62,0.12204339199999999,25.0,l3,NCS_FP16_25%,0.00031769377223428213,FP16_NCS
CNV,NCS,FP16,na,8,7.97099,393.913,1003.64,,,83.28,,0.53,1.2,1.63,0.24408678399999997,25.0,l3,NCS_FP16_25%,0.0005474156571238398,FP16_NCS
CNV,NCS,FP16,na,16,14.6403,407.87300000000005,1092.87,,,83.28,,0.53,1.2,1.64,0.48817356799999995,25.0,l3,NCS_FP16_25%,0.001005437147078362,FP16_NCS
CNV,NCS,FP16,na,32,27.921,418.16900000000004,1146.09,,,83.28,,0.53,1.2,1.65,0.9763471359999999,25.0,l3,NCS_FP16_25%,0.0019175024134461002,FP16_NCS
CNV,NCS,FP16,na,64,53.2949,422.25,1200.87,,,83.28,,0.53,1.2,1.65,1.9526942719999998,25.0,l3,NCS_FP16_25%,0.0036600802039457245,FP16_NCS
CNV,NCS,FP16,na,128,105.63,426.94599999999997,1211.78,,,83.28,,0.53,1.2,1.67,3.9053885439999996,25.0,l3,NCS_FP16_25%,0.007254245189366841,FP16_NCS
CNV,GPU,FP16,maxp,1,0.571742,1025.03,1869.41,,,83.31,,1.8,4.7,6.3,,25.0,l3,GPU_FP16_25%,3.926494985381971e-05,FP16_GPU
CNV,GPU,FP16,maxp,2,0.627033,1542.17,3449.15,,,83.31,,1.8,4.7,6.2,,25.0,l3,GPU_FP16_25%,4.306211420831448e-05,FP16_GPU
CNV,GPU,FP16,maxp,4,0.709281,2133.33,5862.89,,,83.31,,1.8,4.7,6.8,,25.0,l3,GPU_FP16_25%,4.871057731855821e-05,FP16_GPU
CNV,GPU,FP16,maxp,8,0.9314450000000001,2534.65,9056.34,,,83.31,,1.8,4.7,6.9,,25.0,l3,GPU_FP16_25%,6.396791072999903e-05,FP16_GPU
CNV,GPU,FP16,maxp,16,1.4019700000000002,2813.19,12232.4,,,83.31,,1.8,4.7,7.0,,25.0,l3,GPU_FP16_25%,9.62816825535987e-05,FP16_GPU
CNV,GPU,FP16,maxp,32,2.36591,3084.34,14952.4,,,83.31,,1.8,4.7,6.9,,25.0,l3,GPU_FP16_25%,0.00016248121969113797,FP16_GPU
CNV,GPU,FP16,maxp,64,4.12869,3230.28,16486.9,,,83.31,,1.8,4.7,6.9,,25.0,l3,GPU_FP16_25%,0.00028354188744567814,FP16_GPU
CNV,GPU,FP16,maxp,128,7.45937,3335.5,17483.4,,,83.31,,1.8,4.7,7.0,,25.0,l3,GPU_FP16_25%,0.0005122796453489286,FP16_GPU
CNV,GPU,FP32,maxp,1,0.513143,1109.43,2075.17,,,83.25,,1.8,4.7,6.8,,25.0,l3,GPU_FP32_25%,3.5240605312953415e-05,FP32_GPU
CNV,GPU,FP32,maxp,2,0.563732,1635.78,3575.82,,,83.25,,1.8,4.7,7.4,,25.0,l3,GPU_FP32_25%,3.8714855146190935e-05,FP32_GPU
CNV,GPU,FP32,maxp,4,0.901777,1917.6,4504.01,,,83.25,,1.8,4.7,7.1,,25.0,l3,GPU_FP32_25%,6.193043135597522e-05,FP32_GPU
CNV,GPU,FP32,maxp,8,1.27134,2327.27,6430.59,,,83.25,,1.8,4.7,7.3,,25.0,l3,GPU_FP32_25%,8.731053752768758e-05,FP32_GPU
CNV,GPU,FP32,maxp,16,1.97941,2572.86,8374.36,,,83.25,,1.8,4.7,7.4,,25.0,l3,GPU_FP32_25%,0.00013593794821816358,FP32_GPU
CNV,GPU,FP32,maxp,32,3.30825,2852.37,9900.22,,,83.25,,1.8,4.7,7.3,,25.0,l3,GPU_FP32_25%,0.000227197355369903,FP32_GPU
CNV,GPU,FP32,maxp,64,6.26,2925.71,10667.3,,,83.25,,1.8,4.7,7.3,,25.0,l3,GPU_FP32_25%,0.0004299117190706847,FP32_GPU
CNV,GPU,FP32,maxp,128,11.409,3038.58,11247.1,,,83.25,,1.8,4.7,7.2,,25.0,l3,GPU_FP32_25%,0.0007835244094053423,FP32_GPU
CNV,ZCU104-FINN,INT4,,1,0.161,,6211.18,,189.50836888063998,81.09,,9.2,11.5,13.85,,25.0,l3,ZCU104-FINN_INT4_25%,1.1056834947345088e-05,INT4_ZCU104-FINN
CNV,ZCU104-FINN,INT4,,2,0.244,,8163.265,,249.06813759872003,81.09,,9.2,11.5,13.85,,25.0,l3,ZCU104-FINN_INT4_25%,1.6756942404672058e-05,INT4_ZCU104-FINN
CNV,ZCU104-FINN,INT4,,4,0.396,,10075.567,,307.414093250816,81.09,,9.2,11.5,14.2,,25.0,l3,ZCU104-FINN_INT4_25%,2.7195693410861207e-05,INT4_ZCU104-FINN
CNV,ZCU104-FINN,INT4,,8,0.664,,12121.212,,369.82845690777606,81.09,,9.2,11.5,13.8,,25.0,l3,ZCU104-FINN_INT4_25%,4.560085965861576e-05,INT4_ZCU104-FINN
CNV,ZCU104-FINN,INT4,,16,1.1840000000000002,,13547.841,,413.356117479168,81.09,,9.2,11.5,13.875,,25.0,l3,ZCU104-FINN_INT4_25%,8.131237625873655e-05,INT4_ZCU104-FINN
CNV,ZCU104-FINN,INT4,,32,2.24,,14388.489,,439.00500082867205,81.09,,9.2,11.5,13.925,,25.0,l3,ZCU104-FINN_INT4_25%,0.00015383422535436643,INT4_ZCU104-FINN
CNV,ZCU104-FINN,INT4,,64,4.288,,14852.633999999998,,453.166458373632,81.09,,9.2,11.5,13.9,,25.0,l3,ZCU104-FINN_INT4_25%,0.00029448265996407286,INT4_ZCU104-FINN
CNV,ZCU104-FINN,INT4,,128,8.448,,15094.34,,460.54111340032006,81.09,,9.2,11.5,14.25,,25.0,l3,ZCU104-FINN_INT4_25%,0.0005801747927650391,INT4_ZCU104-FINN
CNV,ZCU104-FINN,INT4,,256,16.896,,15219.071000000002,,464.346761982208,81.09,,9.2,11.5,14.95,,25.0,l3,ZCU104-FINN_INT4_25%,0.0011603495855300782,INT4_ZCU104-FINN
CNV,ZCU104-FINN,INT4,,512,33.28,,15282.214,,466.273308457472,81.09,,9.2,11.5,15.4,,25.0,l3,ZCU104-FINN_INT4_25%,0.00228553706240773,INT4_ZCU104-FINN
CNV,ZCU104-FINN,INT4,,10000,651.779,,15342.62,,468.11634674175997,81.09,,9.2,11.5,16.625,,25.0,l3,ZCU104-FINN_INT4_25%,0.04476157034251946,INT4_ZCU104-FINN
CNV,ZCU104-FINN,INT2,,1,0.11900000000000001,,8403.360999999999,,256.393670160128,79.89,,9.2,11.5,13.475,,25.0,l3,ZCU104-FINN_INT2_25%,8.172443221950717e-06,INT2_ZCU104-FINN
CNV,ZCU104-FINN,INT2,,2,0.16399999999999998,,12195.122,,372.083513683456,79.89,,9.2,11.5,13.375,,25.0,l3,ZCU104-FINN_INT2_25%,1.1262862927730397e-05,INT2_ZCU104-FINN
CNV,ZCU104-FINN,INT2,,4,0.252,,15936.255,,486.22865399424006,79.89,,9.2,11.5,13.075,,25.0,l3,ZCU104-FINN_INT2_25%,1.7306350352366222e-05,INT2_ZCU104-FINN
CNV,ZCU104-FINN,INT2,,8,0.384,,20942.408,,638.9706272419841,79.89,,9.2,11.5,13.075,,25.0,l3,ZCU104-FINN_INT2_25%,2.6371581489319958e-05,INT2_ZCU104-FINN
CNV,ZCU104-FINN,INT2,,16,0.64,,24844.72,,758.0334755225599,79.89,,9.2,11.5,13.025,,25.0,l3,ZCU104-FINN_INT2_25%,4.395263581553326e-05,INT2_ZCU104-FINN
CNV,ZCU104-FINN,INT2,,32,1.1840000000000002,,27373.824,,835.1985832427521,79.89,,9.2,11.5,12.95,,25.0,l3,ZCU104-FINN_INT2_25%,8.131237625873655e-05,INT2_ZCU104-FINN
CNV,ZCU104-FINN,INT2,,64,2.24,,28854.824,,880.385149130752,79.89,,9.2,11.5,13.075,,25.0,l3,ZCU104-FINN_INT2_25%,0.00015383422535436643,INT2_ZCU104-FINN
CNV,ZCU104-FINN,INT2,,128,4.352,,29657.09,,904.8629651123199,79.89,,9.2,11.5,13.225,,25.0,l3,ZCU104-FINN_INT2_25%,0.0002988779235456262,INT2_ZCU104-FINN
CNV,ZCU104-FINN,INT2,,256,8.448,,30075.188,,917.6194896394239,79.89,,9.2,11.5,13.325,,25.0,l3,ZCU104-FINN_INT2_25%,0.0005801747927650391,INT2_ZCU104-FINN
CNV,ZCU104-FINN,INT2,,512,16.896,,30286.897,,924.078910758656,79.89,,9.2,11.5,13.825,,25.0,l3,ZCU104-FINN_INT2_25%,0.0011603495855300782,INT2_ZCU104-FINN
CNV,ZCU104-Bismo,INT4,,2,6.8628605,,291.423670931385,,,81.09,,9.2,,14.975,,25.0,l3,ZCU104-Bismo_INT4_25%,0.00047131376282704454,INT4_ZCU104-Bismo
CNV,ZCU104-Bismo,INT4,,4,12.0626167,,331.603009486325,,,81.09,,9.2,,15.025,,25.0,l3,ZCU104-Bismo_INT4_25%,0.0008284121856210463,INT4_ZCU104-Bismo
CNV,ZCU104-Bismo,INT4,,8,25.3374479,,315.73819240098,,,81.09,,9.2,,15.225,,25.0,l3,ZCU104-Bismo_INT4_25%,0.0017400744063183564,INT4_ZCU104-Bismo
CNV,ZCU104-Bismo,INT4,,16,44.0356425,,363.342035942816,,,81.09,,9.2,,15.4,,25.0,l3,ZCU104-Bismo_INT4_25%,0.003024191496414873,INT4_ZCU104-Bismo
CNV,ZCU104-Bismo,INT4,,32,88.45457359999999,,361.767613562946,,,81.09,,9.2,,15.5,,25.0,l3,ZCU104-Bismo_INT4_25%,0.006074705718217317,INT4_ZCU104-Bismo
CNV,ZCU104-Bismo,INT4,,64,188.71915900000002,,339.12825989225604,,,81.09,,9.2,,15.475,,25.0,l3,ZCU104-Bismo_INT4_25%,0.012960475729594871,INT4_ZCU104-Bismo
CNV,ZCU104-Bismo,INT4,,128,347.028579,,368.84570247455,,,81.09,,9.2,,15.65,,25.0,l3,ZCU104-Bismo_INT4_25%,0.023832532422451584,INT4_ZCU104-Bismo
CNV,ZCU104-Bismo,INT2,,2,4.2060401,,475.50664103273806,,,79.89,,9.2,,14.825,,25.0,l3,ZCU104-Bismo_INT2_25%,0.0002888539824075455,INT2_ZCU104-Bismo
CNV,ZCU104-Bismo,INT2,,4,7.6543491999999995,,522.578719037276,,,79.89,,9.2,,14.975,,25.0,l3,ZCU104-Bismo_INT2_25%,0.0005256700356133099,INT2_ZCU104-Bismo
CNV,ZCU104-Bismo,INT2,,8,15.1703086,,527.345897235077,,,79.89,,9.2,,15.0,,25.0,l3,ZCU104-Bismo_INT2_25%,0.0010418360142266441,INT2_ZCU104-Bismo
CNV,ZCU104-Bismo,INT2,,16,27.868153200000002,,574.1320526399289,,,79.89,,9.2,,15.275,,25.0,l3,ZCU104-Bismo_INT2_25%,0.001913873106954825,INT2_ZCU104-Bismo
CNV,ZCU104-Bismo,INT2,,32,55.855311300000004,,572.908811270021,,,79.89,,9.2,,15.475,,25.0,l3,ZCU104-Bismo_INT2_25%,0.0038359189936439685,INT2_ZCU104-Bismo
CNV,ZCU104-Bismo,INT2,,64,114.31291470000001,,559.866749684058,,,79.89,,9.2,,15.475,,25.0,l3,ZCU104-Bismo_INT2_25%,0.007850552982533156,INT2_ZCU104-Bismo
CNV,ZCU104-Bismo,INT2,,128,220.03920499999998,,581.71451764698,,,79.89,,9.2,,15.5,,25.0,l3,ZCU104-Bismo_INT2_25%,0.015111411003913227,INT2_ZCU104-Bismo
CNV,A53-gemmlowp,INT4,,2,8.55,,233.918128654971,,,81.09,,9.2,,14.5,,25.0,l3,A53-gemmlowp_INT4_25%,0.0005871797440981397,INT4_A53-gemmlowp
CNV,A53-gemmlowp,INT4,,4,14.137,,282.945462262149,,,81.09,,9.2,,14.5,,25.0,l3,A53-gemmlowp_INT4_25%,0.0009708725195690527,INT4_A53-gemmlowp
CNV,A53-gemmlowp,INT4,,8,25.2,,317.460317460317,,,81.09,,9.2,,14.5,,25.0,l3,A53-gemmlowp_INT4_25%,0.0017306350352366221,INT4_A53-gemmlowp
CNV,A53-gemmlowp,INT4,,16,46.58,,343.49506225848,,,81.09,,9.2,,14.5,,25.0,l3,A53-gemmlowp_INT4_25%,0.00319892777544928,INT4_A53-gemmlowp
CNV,A53-gemmlowp,INT4,,32,90.412,,353.93531832057704,,,81.09,,9.2,,14.5,,25.0,l3,A53-gemmlowp_INT4_25%,0.006209133920865615,INT4_A53-gemmlowp
CNV,A53-gemmlowp,INT4,,64,178.84799999999998,,357.845768473788,,,81.09,,9.2,,14.5,,25.0,l3,A53-gemmlowp_INT4_25%,0.01228256407865077,INT4_A53-gemmlowp
CNV,A53-gemmlowp,INT4,,128,353.671,,361.918279983374,,,81.09,,9.2,,14.5,,25.0,l3,A53-gemmlowp_INT4_25%,0.024288707283617914,INT4_A53-gemmlowp
CNV,A53-gemmlowp,INT2,,2,8.433,,237.16352424997,,,79.89,,9.2,,14.5,,25.0,l3,A53-gemmlowp_INT2_25%,0.0005791446528631125,INT2_A53-gemmlowp
CNV,A53-gemmlowp,INT2,,4,14.103,,283.62759696518503,,,79.89,,9.2,,14.5,,25.0,l3,A53-gemmlowp_INT2_25%,0.0009685375357913525,INT2_A53-gemmlowp
CNV,A53-gemmlowp,INT2,,8,24.808000000000003,,322.476620445018,,,79.89,,9.2,,14.5,,25.0,l3,A53-gemmlowp_INT2_25%,0.0017037140457996083,INT2_A53-gemmlowp
CNV,A53-gemmlowp,INT2,,16,46.974,,340.613956656874,,,79.89,,9.2,,14.5,,25.0,l3,A53-gemmlowp_INT2_25%,0.003225986116873218,INT2_A53-gemmlowp
CNV,A53-gemmlowp,INT2,,32,90.564,,353.341283512212,,,79.89,,9.2,,14.5,,25.0,l3,A53-gemmlowp_INT2_25%,0.0062195726718718035,INT2_A53-gemmlowp
CNV,A53-gemmlowp,INT2,,64,178.144,,359.25992455541603,,,79.89,,9.2,,14.5,,25.0,l3,A53-gemmlowp_INT2_25%,0.012234216179253684,INT2_A53-gemmlowp
CNV,A53-gemmlowp,INT2,,128,351.97,,363.66735801346704,,,79.89,,9.2,,14.5,,25.0,l3,A53-gemmlowp_INT2_25%,0.024171889418739444,INT2_A53-gemmlowp
CNV,NCS,FP16,na,1,1.9000400000000002,293.812,526.305,,,77.82,,0.53,1.2,1.56,0.008017792,12.5,l3,NCS_FP16_12.5%,0.00013048713461710285,FP16_NCS
CNV,NCS,FP16,na,2,2.55363,356.569,783.197,,,77.82,,0.53,1.2,1.58,0.016035584,12.5,l3,NCS_FP16_12.5%,0.00017537307718378157,FP16_NCS
CNV,NCS,FP16,na,4,3.9493099999999997,396.43199999999996,1012.84,,,77.82,,0.53,1.2,1.59,0.032071168,12.5,l3,NCS_FP16_12.5%,0.0002712227877385057,FP16_NCS
CNV,NCS,FP16,na,8,6.9200800000000005,417.17199999999997,1156.06,,,77.82,,0.53,1.2,1.59,0.064142336,12.5,l3,NCS_FP16_12.5%,0.0004752433688349304,FP16_NCS
CNV,NCS,FP16,na,16,12.6046,432.293,1269.38,,,77.82,,0.53,1.2,1.58,0.128284672,12.5,l3,NCS_FP16_12.5%,0.0008656334271882352,FP16_NCS
CNV,NCS,FP16,na,32,23.6896,439.912,1350.8,,,77.82,,0.53,1.2,1.58,0.256569344,12.5,l3,NCS_FP16_12.5%,0.0016269068147119637,FP16_NCS
CNV,NCS,FP16,na,64,45.6772,447.278,1401.14,,,77.82,,0.53,1.2,1.59,0.513138688,12.5,l3,NCS_FP16_12.5%,0.0031369270885519937,FP16_NCS
CNV,NCS,FP16,na,128,89.2251,449.542,1434.57,,,77.82,,0.53,1.2,1.58,1.026277376,12.5,l3,NCS_FP16_12.5%,0.006127622384225839,FP16_NCS
CNV,GPU,FP16,maxp,1,0.552353,1051.33,1888.2,,,77.81,,1.8,4.7,5.7,,12.5,l3,GPU_FP16_12.5%,3.7933391016589446e-05,FP16_GPU
CNV,GPU,FP16,maxp,2,0.5932850000000001,1590.06,3644.02,,,77.81,,1.8,4.7,5.6,,12.5,l3,GPU_FP16_12.5%,4.074443678096665e-05,FP16_GPU
CNV,GPU,FP16,maxp,4,0.614004,2295.96,7367.22,,,77.81,,1.8,4.7,5.5,,12.5,l3,GPU_FP16_12.5%,4.2167334689501074e-05,FP16_GPU
CNV,GPU,FP16,maxp,8,0.654227,2860.34,12703.0,,,77.81,,1.8,4.7,5.5,,12.5,l3,GPU_FP16_12.5%,4.4929689174513874e-05,FP16_GPU
CNV,GPU,FP16,maxp,16,0.963234,3084.34,18132.6,,,77.81,,1.8,4.7,5.9,,12.5,l3,GPU_FP16_12.5%,6.615105188615527e-05,FP16_GPU
CNV,GPU,FP16,maxp,32,1.46628,3390.73,23181.6,,,77.81,,1.8,4.7,6.3,,12.5,l3,GPU_FP16_12.5%,0.00010069823569312518,FP16_GPU
CNV,GPU,FP16,maxp,64,2.44444,3555.56,27244.9,,,77.81,,1.8,4.7,6.4,,12.5,l3,GPU_FP16_12.5%,0.00016787434545769084,FP16_GPU
CNV,GPU,FP16,maxp,128,4.405,3631.21,29763.1,,,77.81,,1.8,4.7,6.3,,12.5,l3,GPU_FP16_12.5%,0.0003025177511991001,FP16_GPU
CNV,GPU,FP32,maxp,1,0.508646,1116.68,2095.26,,,77.84,,1.8,4.7,5.5,,12.5,l3,GPU_FP32_12.5%,3.493176937035584e-05,FP32_GPU
CNV,GPU,FP32,maxp,2,0.526775,1706.67,4135.7,,,77.84,,1.8,4.7,6.3,,12.5,l3,GPU_FP32_12.5%,3.617679645582427e-05,FP32_GPU
CNV,GPU,FP32,maxp,4,0.537918,2386.95,8205.26,,,77.84,,1.8,4.7,6.9,,12.5,l3,GPU_FP32_12.5%,3.694205305096878e-05,FP32_GPU
CNV,GPU,FP32,maxp,8,0.781062,2737.97,10589.7,,,77.84,,1.8,4.7,6.8,,12.5,l3,GPU_FP32_12.5%,5.364020880523757e-05,FP32_GPU
CNV,GPU,FP32,maxp,16,1.14841,3065.87,14488.2,,,77.84,,1.8,4.7,6.2,,12.5,l3,GPU_FP32_12.5%,7.886819765143212e-05,FP32_GPU
CNV,GPU,FP32,maxp,32,2.17781,3210.03,16511.9,,,77.84,,1.8,4.7,6.3,,12.5,l3,GPU_FP32_12.5%,0.0001495632653209789,FP32_GPU
CNV,GPU,FP32,maxp,64,3.6061900000000002,3368.42,18975.3,,,77.84,,1.8,4.7,6.2,,12.5,l3,GPU_FP32_12.5%,0.000247658680861903,FP32_GPU
CNV,GPU,FP32,maxp,128,6.471,3471.19,20283.3,,,77.84,,1.8,4.7,6.1,,12.5,l3,GPU_FP32_12.5%,0.0004444023536911184,FP32_GPU
CNV,ZCU104-FINN,INT4,,1,0.07200000000000001,,13888.889,,111.358223113088,75.85,,9.2,11.0,13.7,,12.5,l3,ZCU104-FINN_INT4_12.5%,4.944671529247493e-06,INT4_ZCU104-FINN
CNV,ZCU104-FINN,INT4,,2,0.12,,16666.667,,133.629869339264,75.85,,9.2,11.0,13.35,,12.5,l3,ZCU104-FINN_INT4_12.5%,8.241119215412486e-06,INT4_ZCU104-FINN
CNV,ZCU104-FINN,INT4,,4,0.20800000000000002,,19138.756,,153.450564746752,75.85,,9.2,11.0,13.3,,12.5,l3,ZCU104-FINN_INT4_12.5%,1.4284606640048312e-05,INT4_ZCU104-FINN
CNV,ZCU104-FINN,INT4,,8,0.368,,21739.13,,174.29982260096,75.85,,9.2,11.0,13.55,,12.5,l3,ZCU104-FINN_INT4_12.5%,2.5272765593931626e-05,INT4_ZCU104-FINN
CNV,ZCU104-FINN,INT4,,16,0.688,,23357.664,,187.276891557888,75.85,,9.2,11.0,13.225,,12.5,l3,ZCU104-FINN_INT4_12.5%,4.724908350169825e-05,INT4_ZCU104-FINN
CNV,ZCU104-FINN,INT4,,32,1.3119999999999998,,24242.424,,194.370713207808,75.85,,9.2,11.0,13.15,,12.5,l3,ZCU104-FINN_INT4_12.5%,9.010290342184318e-05,INT4_ZCU104-FINN
CNV,ZCU104-FINN,INT4,,64,2.56,,24719.968999999997,,198.19956968844798,75.85,,9.2,11.0,13.175,,12.5,l3,ZCU104-FINN_INT4_12.5%,0.00017581054326213305,INT4_ZCU104-FINN
CNV,ZCU104-FINN,INT4,,128,5.12,,24960.998,,200.132090076416,75.85,,9.2,11.0,13.275,,12.5,l3,ZCU104-FINN_INT4_12.5%,0.0003516210865242661,INT4_ZCU104-FINN
CNV,ZCU104-FINN,INT4,,256,10.24,,25085.742000000002,,201.13226152166402,75.85,,9.2,11.0,13.4,,12.5,l3,ZCU104-FINN_INT4_12.5%,0.0007032421730485322,INT4_ZCU104-FINN
CNV,ZCU104-FINN,INT4,,512,20.48,,25146.112999999998,,201.616303642496,75.85,,9.2,11.0,13.5,,12.5,l3,ZCU104-FINN_INT4_12.5%,0.0014064843460970644,INT4_ZCU104-FINN
CNV,ZCU104-FINN,INT4,,10000,396.73,,25206.016,,202.09659343667198,75.85,,9.2,11.0,14.3475,,12.5,l3,ZCU104-FINN_INT4_12.5%,0.0272458268860883,INT4_ZCU104-FINN
CNV,ZCU104-FINN,INT2,,1,0.086,,23255.814,,186.46027944268798,73.64,,9.2,11.0,13.225,,12.5,l3,ZCU104-FINN_INT2_12.5%,5.906135437712282e-06,INT2_ZCU104-FINN
CNV,ZCU104-FINN,INT2,,2,0.126,,31746.032000000003,,254.533081401344,73.64,,9.2,11.0,12.875,,12.5,l3,ZCU104-FINN_INT2_12.5%,8.653175176183111e-06,INT2_ZCU104-FINN
CNV,ZCU104-FINN,INT2,,4,0.2,,40201.006,,322.32330429875196,73.64,,9.2,11.0,13.15,,12.5,l3,ZCU104-FINN_INT2_12.5%,1.3735198692354145e-05,INT2_ZCU104-FINN
CNV,ZCU104-FINN,INT2,,8,0.32799999999999996,,48484.848,,388.741426415616,73.64,,9.2,11.0,12.775,,12.5,l3,ZCU104-FINN_INT2_12.5%,2.2525725855460795e-05,INT2_ZCU104-FINN
CNV,ZCU104-FINN,INT2,,16,0.5920000000000001,,53962.9,,432.6633079168,73.64,,9.2,11.0,12.75,,12.5,l3,ZCU104-FINN_INT2_12.5%,4.0656188129368276e-05,INT2_ZCU104-FINN
CNV,ZCU104-FINN,INT2,,32,1.12,,57296.33,,459.39005630336,73.64,,9.2,11.0,12.675,,12.5,l3,ZCU104-FINN_INT2_12.5%,7.691711267718321e-05,INT2_ZCU104-FINN
CNV,ZCU104-FINN,INT2,,64,2.176,,59095.106,,473.812268125952,73.64,,9.2,11.0,12.625,,12.5,l3,ZCU104-FINN_INT2_12.5%,0.0001494389617728131,INT2_ZCU104-FINN
CNV,ZCU104-FINN,INT2,,128,4.224,,60037.524000000005,,481.368379627008,73.64,,9.2,11.0,12.675,,12.5,l3,ZCU104-FINN_INT2_12.5%,0.00029008739638251954,INT2_ZCU104-FINN
CNV,ZCU104-FINN,INT2,,256,8.448,,60512.942,,485.180182264064,73.64,,9.2,11.0,12.725,,12.5,l3,ZCU104-FINN_INT2_12.5%,0.0005801747927650391,INT2_ZCU104-FINN
CNV,ZCU104-FINN,INT2,,512,16.896,,60757.09,,487.13771014528,73.64,,9.2,11.0,12.675,,12.5,l3,ZCU104-FINN_INT2_12.5%,0.0011603495855300782,INT2_ZCU104-FINN
CNV,ZCU104-Bismo,INT4,,2,4.1806155,,478.39845592114403,,,75.85,,9.2,,14.85,,12.5,l3,ZCU104-Bismo_INT4_12.5%,0.00028710792274417733,INT4_ZCU104-Bismo
CNV,ZCU104-Bismo,INT4,,4,7.2814085,,549.344264917976,,,75.85,,9.2,,14.825,,12.5,l3,ZCU104-Bismo_INT4_12.5%,0.0005000579625384818,INT4_ZCU104-Bismo
CNV,ZCU104-Bismo,INT4,,8,14.3851396,,556.1294657161341,,,75.85,,9.2,,14.95,,12.5,l3,ZCU104-Bismo_INT4_12.5%,0.0009879137531162592,INT4_ZCU104-Bismo
CNV,ZCU104-Bismo,INT4,,16,31.355123699999996,,510.28342777675005,,,75.85,,9.2,,15.275,,12.5,l3,ZCU104-Bismo_INT4_12.5%,0.002153344270214212,INT4_ZCU104-Bismo
CNV,ZCU104-Bismo,INT4,,32,56.98377320000001,,561.563375027612,,,75.85,,9.2,,15.475,,12.5,l3,ZCU104-Bismo_INT4_12.5%,0.003913417235710226,INT4_ZCU104-Bismo
CNV,ZCU104-Bismo,INT4,,64,119.82321599999999,,534.120199210811,,,75.85,,9.2,,15.5,,12.5,l3,ZCU104-Bismo_INT4_12.5%,0.00822897839858434,INT4_ZCU104-Bismo
CNV,ZCU104-Bismo,INT4,,128,211.559943,,605.029469118358,,,75.85,,9.2,,15.525,,12.5,l3,ZCU104-Bismo_INT4_12.5%,0.014529089262240587,INT4_ZCU104-Bismo
CNV,ZCU104-Bismo,INT2,,2,2.6645961,,750.5827993968761,,,73.64,,9.2,,14.85,,12.5,l3,ZCU104-Bismo_INT2_12.5%,0.00018299378434185975,INT2_ZCU104-Bismo
CNV,ZCU104-Bismo,INT2,,4,4.8319988,,827.814775119563,,,73.64,,9.2,,14.775,,12.5,l3,ZCU104-Bismo_INT2_12.5%,0.000331842317996084,INT2_ZCU104-Bismo
CNV,ZCU104-Bismo,INT2,,8,9.4819115,,843.7117347066569,,,73.64,,9.2,,14.875,,12.5,l3,ZCU104-Bismo_INT2_12.5%,0.0006511796921790887,INT2_ZCU104-Bismo
CNV,ZCU104-Bismo,INT2,,16,19.5757145,,817.3392598262511,,,73.64,,9.2,,15.125,,12.5,l3,ZCU104-Bismo_INT2_12.5%,0.0013443816410114904,INT2_ZCU104-Bismo
CNV,ZCU104-Bismo,INT2,,32,37.4907985,,853.542769967943,,,73.64,,9.2,,15.475,,12.5,l3,ZCU104-Bismo_INT2_12.5%,0.0025747178326625633,INT2_ZCU104-Bismo
CNV,ZCU104-Bismo,INT2,,64,76.3113003,,838.6700232914259,,,73.64,,9.2,,15.475,,12.5,l3,ZCU104-Bismo_INT2_12.5%,0.0052407543604620225,INT2_ZCU104-Bismo
CNV,ZCU104-Bismo,INT2,,128,144.856425,,883.633570274843,,,73.64,,9.2,,15.5,,12.5,l3,ZCU104-Bismo_INT2_12.5%,0.009948158896195481,INT2_ZCU104-Bismo
CNV,A53-gemmlowp,INT4,,2,3.625,,551.724137931035,,,75.85,,9.2,,14.5,,12.5,l3,A53-gemmlowp_INT4_12.5%,0.0002489504762989189,INT4_A53-gemmlowp
CNV,A53-gemmlowp,INT4,,4,6.41,,624.0249609984401,,,75.85,,9.2,,14.5,,12.5,l3,A53-gemmlowp_INT4_12.5%,0.00044021311808995037,INT4_A53-gemmlowp
CNV,A53-gemmlowp,INT4,,8,11.712,,683.060109289618,,,75.85,,9.2,,14.5,,12.5,l3,A53-gemmlowp_INT4_12.5%,0.0008043332354242587,INT4_A53-gemmlowp
CNV,A53-gemmlowp,INT4,,16,22.37,,715.2436298614219,,,75.85,,9.2,,14.5,,12.5,l3,A53-gemmlowp_INT4_12.5%,0.0015362819737398112,INT4_A53-gemmlowp
CNV,A53-gemmlowp,INT4,,32,43.397,,737.3781597806301,,,75.85,,9.2,,14.5,,12.5,l3,A53-gemmlowp_INT4_12.5%,0.002980332088260464,INT4_A53-gemmlowp
CNV,A53-gemmlowp,INT4,,64,85.38,,749.5900679316001,,,75.85,,9.2,,14.5,,12.5,l3,A53-gemmlowp_INT4_12.5%,0.005863556321765984,INT4_A53-gemmlowp
CNV,A53-gemmlowp,INT4,,128,168.071,,761.58290246384,,,75.85,,9.2,,14.5,,12.5,l3,A53-gemmlowp_INT4_12.5%,0.011542442897113267,INT4_A53-gemmlowp
CNV,A53-gemmlowp,INT2,,2,3.6510000000000002,,547.7951246233911,,,73.64,,9.2,,14.5,,12.5,l3,A53-gemmlowp_INT2_12.5%,0.0002507360521289249,INT2_A53-gemmlowp
CNV,A53-gemmlowp,INT2,,4,6.306,,634.316523945449,,,73.64,,9.2,,14.5,,12.5,l3,A53-gemmlowp_INT2_12.5%,0.0004330708147699262,INT2_A53-gemmlowp
CNV,A53-gemmlowp,INT2,,8,11.731,,681.953797630211,,,73.64,,9.2,,14.5,,12.5,l3,A53-gemmlowp_INT2_12.5%,0.0008056380793000324,INT2_A53-gemmlowp
CNV,A53-gemmlowp,INT2,,16,22.21,,720.396217919856,,,73.64,,9.2,,14.5,,12.5,l3,A53-gemmlowp_INT2_12.5%,0.0015252938147859278,INT2_A53-gemmlowp
CNV,A53-gemmlowp,INT2,,32,43.493,,735.750580553192,,,73.64,,9.2,,14.5,,12.5,l3,A53-gemmlowp_INT2_12.5%,0.0029869249836327943,INT2_A53-gemmlowp
CNV,A53-gemmlowp,INT2,,64,85.12700000000001,,751.817872120479,,,73.64,,9.2,,14.5,,12.5,l3,A53-gemmlowp_INT2_12.5%,0.005846181295420157,INT2_A53-gemmlowp
CNV,A53-gemmlowp,INT2,,128,167.092,,766.0450530246809,,,73.64,,9.2,,14.5,,12.5,l3,A53-gemmlowp_INT2_12.5%,0.011475209099514194,INT2_A53-gemmlowp
